source_ip,dest_ip,timestamp,packet_size
192.168.21.138,192.168.12.30,2025-12-09 23:45:06,296
192.168.116.49,192.168.51.192,2025-12-09 18:29:57,1320
192.168.27.5,192.168.87.72,2025-12-10 12:27:40,2050
192.168.114.178,192.168.71.127,2025-12-10 02:17:23,2622
192.168.73.66,192.168.239.225,2025-12-09 17:04:22,2059
192.168.226.136,192.168.76.194,2025-12-09 16:29:05,4538
192.168.112.121,192.168.43.120,2025-12-09 21:40:25,4756
192.168.29.89,192.168.5.110,2025-12-10 09:53:19,840
192.168.98.24,192.168.92.152,2025-12-10 02:31:29,2591
192.168.23.79,192.168.242.40,2025-12-10 14:55:49,1519
192.168.226.207,192.168.70.5,2025-12-10 02:40:42,652
192.168.244.136,192.168.27.188,2025-12-09 20:24:46,1000
192.168.30.208,192.168.58.173,2025-12-09 16:21:30,2850
192.168.2.87,192.168.107.122,2025-12-09 20:41:11,4149
192.168.223.159,192.168.42.189,2025-12-10 07:15:56,4674
192.168.148.2,192.168.238.230,2025-12-09 17:06:14,2596
192.168.33.188,192.168.212.121,2025-12-09 20:46:05,3986
192.168.209.200,192.168.165.74,2025-12-09 20:33:47,1849
192.168.145.64,192.168.188.28,2025-12-09 22:22:38,211
192.168.37.236,192.168.243.181,2025-12-10 01:26:33,4540
192.168.166.201,192.168.195.74,2025-12-10 04:12:00,3193
192.168.138.164,192.168.33.82,2025-12-10 14:36:41,637
192.168.75.150,192.168.65.165,2025-12-10 05:17:39,4419
192.168.42.38,192.168.200.80,2025-12-10 08:17:28,3705
192.168.146.186,192.168.159.156,2025-12-10 09:26:16,1647
192.168.60.56,192.168.170.125,2025-12-10 10:54:19,2405
192.168.179.123,192.168.76.162,2025-12-10 11:33:17,242
192.168.183.104,192.168.81.224,2025-12-09 16:41:27,3176
192.168.105.165,192.168.57.192,2025-12-10 11:58:37,2986
192.168.254.142,192.168.190.76,2025-12-09 20:45:22,1159
192.168.200.76,192.168.49.10,2025-12-10 00:51:50,2461
192.168.184.148,192.168.65.27,2025-12-10 03:26:52,472
192.168.221.251,192.168.163.158,2025-12-10 06:27:20,4406
192.168.88.118,192.168.137.182,2025-12-09 22:23:18,3972
192.168.195.153,192.168.137.57,2025-12-09 21:19:35,649
192.168.166.54,192.168.136.159,2025-12-09 16:09:23,1112
192.168.81.179,192.168.46.170,2025-12-09 23:47:18,4310
192.168.84.195,192.168.18.54,2025-12-09 21:37:02,2424
192.168.149.5,192.168.218.63,2025-12-10 04:31:10,4838
192.168.42.218,192.168.80.108,2025-12-09 17:40:31,3957
192.168.10.202,192.168.237.243,2025-12-09 19:37:34,726
192.168.88.14,192.168.118.206,2025-12-10 11:17:23,2626
192.168.223.147,192.168.192.197,2025-12-09 17:14:15,3880
192.168.179.100,192.168.133.78,2025-12-09 15:46:50,1336
192.168.83.218,192.168.116.245,2025-12-09 15:47:59,102
192.168.141.10,192.168.193.207,2025-12-10 04:54:27,4838
192.168.109.22,192.168.125.80,2025-12-10 14:02:08,979
192.168.75.177,192.168.156.1,2025-12-09 17:27:12,4259
192.168.19.80,192.168.102.77,2025-12-10 02:11:41,3845
192.168.158.248,192.168.54.209,2025-12-10 14:38:46,582
192.168.111.73,192.168.183.157,2025-12-10 00:46:35,1303
192.168.160.142,192.168.23.188,2025-12-10 07:56:19,3358
192.168.179.57,192.168.57.84,2025-12-10 14:43:40,4167
192.168.123.68,192.168.10.11,2025-12-10 07:22:40,420
192.168.39.124,192.168.93.134,2025-12-09 23:05:27,2755
192.168.37.122,192.168.38.105,2025-12-10 13:49:34,460
192.168.93.202,192.168.29.208,2025-12-10 12:43:09,255
192.168.78.85,192.168.112.89,2025-12-10 11:12:40,1665
192.168.81.48,192.168.184.49,2025-12-10 09:49:26,2903
192.168.20.91,192.168.131.114,2025-12-10 10:13:33,3736
192.168.179.133,192.168.25.1,2025-12-10 13:12:14,1493
192.168.100.22,192.168.111.161,2025-12-09 19:37:47,1039
192.168.232.49,192.168.24.134,2025-12-09 19:01:55,240
192.168.184.59,192.168.141.204,2025-12-10 11:10:30,986
192.168.69.60,192.168.184.202,2025-12-09 22:10:34,382
192.168.196.146,192.168.85.158,2025-12-09 15:23:32,2179
192.168.57.212,192.168.138.62,2025-12-10 11:45:02,1856
192.168.253.215,192.168.61.17,2025-12-09 23:50:15,2777
192.168.61.17,192.168.154.185,2025-12-09 20:18:16,2951
192.168.172.79,192.168.233.111,2025-12-10 03:16:20,488
192.168.125.66,192.168.137.144,2025-12-10 10:02:56,1318
192.168.182.59,192.168.124.3,2025-12-10 06:56:33,238
192.168.119.80,192.168.139.19,2025-12-10 08:39:43,3102
192.168.91.113,192.168.122.168,2025-12-10 08:50:46,1575
192.168.232.252,192.168.42.193,2025-12-09 19:56:07,945
192.168.12.64,192.168.57.94,2025-12-10 07:39:14,1024
192.168.99.111,192.168.22.100,2025-12-09 19:51:57,4866
192.168.82.66,192.168.55.168,2025-12-09 17:53:05,2351
192.168.2.64,192.168.102.147,2025-12-10 00:26:57,1293
192.168.158.10,192.168.9.58,2025-12-09 21:56:47,3853
192.168.57.123,192.168.153.148,2025-12-10 05:29:26,3147
192.168.8.37,192.168.206.35,2025-12-10 06:28:50,4232
192.168.171.83,192.168.56.172,2025-12-10 00:05:58,2192
192.168.201.31,192.168.99.206,2025-12-10 10:46:20,2040
192.168.58.207,192.168.94.53,2025-12-10 02:08:35,4251
192.168.193.15,192.168.80.241,2025-12-09 23:50:35,3450
192.168.81.74,192.168.66.248,2025-12-09 23:17:50,1979
192.168.146.180,192.168.118.107,2025-12-10 05:18:31,4858
192.168.114.55,192.168.107.111,2025-12-09 20:25:27,111
192.168.131.25,192.168.2.147,2025-12-10 11:12:10,2179
192.168.164.143,192.168.96.83,2025-12-10 10:41:08,1004
192.168.61.18,192.168.248.131,2025-12-10 05:41:54,235
192.168.159.6,192.168.25.31,2025-12-09 21:50:56,2498
192.168.41.140,192.168.202.138,2025-12-09 23:25:37,1210
192.168.74.1,192.168.106.167,2025-12-10 14:37:08,4710
192.168.169.201,192.168.43.105,2025-12-09 20:15:09,1040
192.168.79.173,192.168.225.148,2025-12-09 18:05:52,1175
192.168.249.206,192.168.59.51,2025-12-09 22:41:59,4863
192.168.27.76,192.168.42.105,2025-12-10 11:55:11,4679
192.168.192.123,192.168.158.226,2025-12-09 16:04:58,1610
192.168.162.20,192.168.222.15,2025-12-10 04:15:01,1103
192.168.178.133,192.168.191.186,2025-12-09 20:29:41,1796
192.168.50.83,192.168.149.168,2025-12-10 06:36:27,1370
192.168.171.126,192.168.90.243,2025-12-10 05:53:36,3215
192.168.134.87,192.168.245.46,2025-12-10 12:15:31,3996
192.168.68.121,192.168.133.230,2025-12-09 21:49:57,1033
192.168.61.204,192.168.242.180,2025-12-09 17:43:39,3190
192.168.166.186,192.168.164.169,2025-12-09 21:25:23,3977
192.168.34.113,192.168.226.117,2025-12-10 09:58:54,1370
192.168.243.119,192.168.237.184,2025-12-09 15:10:20,922
192.168.82.42,192.168.190.137,2025-12-10 04:59:43,3949
192.168.65.210,192.168.12.121,2025-12-09 22:50:58,3706
192.168.100.241,192.168.52.66,2025-12-09 19:43:45,1018
192.168.88.171,192.168.237.207,2025-12-10 02:37:23,1868
192.168.126.83,192.168.94.96,2025-12-10 05:05:46,2021
192.168.209.164,192.168.66.173,2025-12-10 04:50:38,3308
192.168.27.91,192.168.78.109,2025-12-09 18:56:45,4253
192.168.88.32,192.168.214.248,2025-12-10 03:35:18,1592
192.168.242.236,192.168.82.189,2025-12-10 07:07:03,3983
192.168.59.212,192.168.90.56,2025-12-10 07:57:21,1515
192.168.13.235,192.168.82.137,2025-12-09 17:52:30,1421
192.168.35.154,192.168.7.153,2025-12-09 16:53:45,3496
192.168.184.120,192.168.96.151,2025-12-10 11:22:51,2078
192.168.60.248,192.168.59.16,2025-12-09 20:48:36,3431
192.168.220.192,192.168.195.95,2025-12-10 06:09:26,2820
192.168.182.84,192.168.98.225,2025-12-10 07:25:45,1254
192.168.85.11,192.168.15.157,2025-12-10 14:57:20,1333
192.168.49.98,192.168.233.111,2025-12-09 16:03:18,1477
192.168.253.113,192.168.203.240,2025-12-10 08:46:36,2610
192.168.209.13,192.168.101.5,2025-12-10 03:01:45,2600
192.168.119.222,192.168.249.170,2025-12-09 18:14:39,783
192.168.100.64,192.168.96.2,2025-12-09 21:07:24,929
192.168.201.61,192.168.99.80,2025-12-10 00:17:10,517
192.168.55.211,192.168.35.177,2025-12-09 16:37:01,4833
192.168.32.133,192.168.2.254,2025-12-09 15:22:05,212
192.168.80.116,192.168.59.27,2025-12-10 02:25:12,4645
192.168.103.168,192.168.220.42,2025-12-10 13:20:41,281
192.168.128.207,192.168.114.38,2025-12-10 01:35:04,2595
192.168.83.146,192.168.94.181,2025-12-10 01:18:44,233
192.168.152.111,192.168.132.77,2025-12-09 22:06:26,2388
192.168.249.186,192.168.30.51,2025-12-09 20:25:26,322
192.168.118.15,192.168.155.84,2025-12-10 05:33:44,1205
192.168.78.220,192.168.24.230,2025-12-10 13:59:16,1088
192.168.203.45,192.168.185.213,2025-12-10 01:00:28,587
192.168.136.129,192.168.36.129,2025-12-10 09:18:29,3722
192.168.5.133,192.168.34.44,2025-12-10 07:00:16,2031
192.168.161.175,192.168.222.165,2025-12-10 07:59:45,3654
192.168.101.98,192.168.211.36,2025-12-09 22:18:04,458
192.168.10.15,192.168.66.108,2025-12-10 10:52:21,4297
192.168.78.207,192.168.60.254,2025-12-09 18:26:45,4872
192.168.190.247,192.168.158.168,2025-12-10 04:11:36,1044
192.168.140.52,192.168.143.66,2025-12-09 21:59:06,3971
192.168.122.11,192.168.161.7,2025-12-09 17:18:54,704
192.168.209.227,192.168.233.192,2025-12-09 21:43:10,1417
192.168.48.229,192.168.73.118,2025-12-09 19:25:10,3758
192.168.159.107,192.168.14.104,2025-12-09 16:08:20,3138
192.168.221.128,192.168.170.240,2025-12-09 23:01:07,2122
192.168.21.90,192.168.94.63,2025-12-10 02:05:55,1046
192.168.161.60,192.168.27.218,2025-12-09 17:12:16,2759
192.168.223.213,192.168.33.204,2025-12-09 15:58:21,2886
192.168.89.202,192.168.190.148,2025-12-10 11:54:50,4412
192.168.108.242,192.168.201.45,2025-12-10 13:31:55,4469
192.168.94.37,192.168.30.198,2025-12-10 02:21:28,635
192.168.199.178,192.168.170.7,2025-12-09 22:12:39,1562
192.168.155.197,192.168.100.196,2025-12-10 01:44:12,2860
192.168.220.32,192.168.52.176,2025-12-09 18:37:43,1549
192.168.179.36,192.168.20.69,2025-12-10 09:17:44,2445
192.168.14.76,192.168.254.53,2025-12-10 07:55:10,250
192.168.126.188,192.168.120.79,2025-12-10 09:37:39,4322
192.168.251.244,192.168.151.175,2025-12-10 08:02:56,3919
192.168.68.244,192.168.239.108,2025-12-09 21:05:07,1033
192.168.179.97,192.168.212.216,2025-12-09 22:35:50,322
192.168.10.155,192.168.9.208,2025-12-10 02:01:41,3354
192.168.23.138,192.168.105.36,2025-12-10 06:18:35,286
192.168.156.223,192.168.254.91,2025-12-09 18:17:39,2945
192.168.185.51,192.168.242.20,2025-12-10 05:00:00,2802
192.168.252.204,192.168.150.153,2025-12-09 19:41:13,2006
192.168.26.87,192.168.210.58,2025-12-09 15:38:40,331
192.168.151.215,192.168.243.15,2025-12-10 10:46:15,4868
192.168.113.240,192.168.34.187,2025-12-10 11:15:40,3082
192.168.44.240,192.168.222.74,2025-12-10 09:16:43,2679
192.168.102.75,192.168.129.57,2025-12-10 06:56:54,2069
192.168.63.148,192.168.69.104,2025-12-09 23:58:55,2385
192.168.162.116,192.168.68.72,2025-12-10 12:05:17,3615
192.168.68.227,192.168.93.233,2025-12-10 05:09:03,4494
192.168.121.108,192.168.89.71,2025-12-10 09:01:41,476
192.168.43.195,192.168.220.99,2025-12-10 07:34:37,837
192.168.5.77,192.168.119.29,2025-12-10 06:19:16,510
192.168.66.64,192.168.161.17,2025-12-10 00:13:19,471
192.168.100.35,192.168.219.98,2025-12-10 13:28:50,3325
192.168.236.49,192.168.11.179,2025-12-10 14:08:20,2024
192.168.222.175,192.168.201.82,2025-12-09 19:09:52,920
192.168.79.196,192.168.231.196,2025-12-10 10:29:14,145
192.168.226.180,192.168.54.135,2025-12-10 03:47:05,1145
192.168.225.35,192.168.86.51,2025-12-09 16:02:04,1869
192.168.3.33,192.168.127.116,2025-12-10 01:06:29,3357
192.168.61.120,192.168.227.58,2025-12-09 21:08:37,2042
192.168.85.36,192.168.70.75,2025-12-09 19:33:20,2166
192.168.82.103,192.168.103.81,2025-12-10 06:09:25,691
192.168.208.115,192.168.61.74,2025-12-10 11:26:59,3521
192.168.130.246,192.168.56.245,2025-12-10 07:15:21,1513
192.168.10.4,192.168.251.72,2025-12-09 20:06:25,1409
192.168.165.91,192.168.132.146,2025-12-10 12:17:24,1890
192.168.8.94,192.168.241.9,2025-12-10 05:38:29,4727
192.168.75.227,192.168.69.211,2025-12-10 06:42:06,400
192.168.240.78,192.168.219.54,2025-12-10 11:27:43,4567
192.168.244.151,192.168.81.46,2025-12-09 20:35:38,2481
192.168.244.76,192.168.17.158,2025-12-10 11:33:56,4392
192.168.243.97,192.168.192.202,2025-12-10 04:30:46,4479
192.168.76.162,192.168.173.147,2025-12-09 16:42:43,3728
192.168.166.95,192.168.4.67,2025-12-09 21:49:01,3954
192.168.190.151,192.168.163.179,2025-12-09 23:54:38,3274
192.168.208.4,192.168.249.145,2025-12-10 04:13:24,4065
192.168.140.15,192.168.60.168,2025-12-10 04:22:54,1370
192.168.46.12,192.168.134.220,2025-12-10 12:02:40,3534
192.168.253.172,192.168.149.143,2025-12-10 05:57:10,2838
192.168.115.206,192.168.103.237,2025-12-09 15:45:55,3254
192.168.166.186,192.168.243.85,2025-12-09 15:29:03,2552
192.168.78.147,192.168.159.135,2025-12-09 21:38:48,3381
192.168.215.128,192.168.220.144,2025-12-10 08:15:25,3570
192.168.184.82,192.168.254.250,2025-12-10 03:00:12,2988
192.168.231.34,192.168.253.99,2025-12-09 23:40:54,3324
192.168.97.144,192.168.98.37,2025-12-10 11:07:51,1819
192.168.244.26,192.168.212.213,2025-12-10 10:36:48,4974
192.168.78.48,192.168.47.90,2025-12-10 00:31:49,2020
192.168.231.44,192.168.199.238,2025-12-09 18:33:45,4902
192.168.218.69,192.168.153.130,2025-12-10 07:24:24,800
192.168.173.169,192.168.23.156,2025-12-10 11:17:54,3206
192.168.193.50,192.168.225.94,2025-12-10 01:51:25,3705
192.168.60.214,192.168.173.208,2025-12-09 18:03:10,1093
192.168.77.200,192.168.233.91,2025-12-10 07:01:51,539
192.168.184.242,192.168.24.248,2025-12-10 02:37:33,2504
192.168.170.57,192.168.250.69,2025-12-10 10:33:19,3903
192.168.68.185,192.168.76.174,2025-12-10 12:09:10,1245
192.168.204.58,192.168.51.131,2025-12-09 21:29:48,2370
192.168.222.149,192.168.188.50,2025-12-09 23:51:08,1362
192.168.1.94,192.168.87.39,2025-12-10 02:26:29,2942
192.168.109.13,192.168.201.233,2025-12-10 02:01:31,420
192.168.179.232,192.168.105.47,2025-12-10 10:29:22,2140
192.168.30.103,192.168.135.1,2025-12-09 22:47:44,2307
192.168.35.162,192.168.217.220,2025-12-09 18:21:02,1617
192.168.149.89,192.168.181.180,2025-12-10 04:24:33,3995
192.168.46.196,192.168.139.88,2025-12-09 20:04:07,4127
192.168.222.207,192.168.110.96,2025-12-10 11:17:43,4057
192.168.54.176,192.168.148.122,2025-12-09 18:23:02,2661
192.168.69.113,192.168.57.170,2025-12-10 13:40:07,3283
192.168.91.81,192.168.1.112,2025-12-09 21:00:08,1101
192.168.167.133,192.168.231.245,2025-12-10 09:21:58,1769
192.168.19.27,192.168.191.159,2025-12-10 02:46:27,4117
192.168.137.59,192.168.251.91,2025-12-09 19:28:06,4808
192.168.34.211,192.168.85.61,2025-12-09 21:07:27,938
192.168.159.18,192.168.135.147,2025-12-10 13:01:14,4182
192.168.21.80,192.168.83.210,2025-12-10 13:38:36,4457
192.168.250.164,192.168.124.206,2025-12-10 09:46:57,4310
192.168.89.158,192.168.190.114,2025-12-10 04:50:58,4144
192.168.136.237,192.168.90.35,2025-12-10 14:14:17,494
192.168.38.140,192.168.155.14,2025-12-10 07:55:49,2263
192.168.234.177,192.168.240.69,2025-12-10 14:55:36,4440
192.168.150.177,192.168.4.239,2025-12-10 11:50:28,4967
192.168.157.103,192.168.79.88,2025-12-09 15:22:30,826
192.168.173.138,192.168.143.226,2025-12-09 15:46:05,3227
192.168.164.169,192.168.52.135,2025-12-09 21:54:08,850
192.168.120.217,192.168.230.173,2025-12-09 16:22:48,1436
192.168.137.184,192.168.3.30,2025-12-10 09:51:33,318
192.168.97.90,192.168.139.202,2025-12-10 12:47:40,3917
192.168.79.143,192.168.184.161,2025-12-10 14:51:58,3254
192.168.20.131,192.168.232.38,2025-12-10 11:03:07,150
192.168.235.139,192.168.204.85,2025-12-10 01:54:19,1532
192.168.248.124,192.168.101.228,2025-12-09 15:46:32,938
192.168.186.213,192.168.253.219,2025-12-10 02:28:56,1873
192.168.176.50,192.168.190.32,2025-12-09 17:04:09,3248
192.168.103.181,192.168.129.167,2025-12-09 15:33:08,3342
192.168.163.7,192.168.212.117,2025-12-09 21:13:19,4234
192.168.53.250,192.168.108.167,2025-12-10 06:25:31,2739
192.168.40.168,192.168.177.96,2025-12-09 20:27:41,3887
192.168.229.163,192.168.154.182,2025-12-09 15:54:25,1838
192.168.112.128,192.168.158.100,2025-12-10 08:04:38,3425
192.168.200.83,192.168.39.4,2025-12-09 16:15:18,4340
192.168.135.36,192.168.189.92,2025-12-10 01:17:13,2799
192.168.229.177,192.168.122.10,2025-12-09 23:01:35,4949
192.168.139.167,192.168.45.35,2025-12-10 03:44:12,846
192.168.177.200,192.168.69.63,2025-12-10 11:45:15,4481
192.168.222.187,192.168.178.40,2025-12-09 20:25:40,3393
192.168.205.209,192.168.228.194,2025-12-09 16:18:28,4035
192.168.190.80,192.168.68.119,2025-12-09 19:29:00,797
192.168.17.167,192.168.112.164,2025-12-09 23:09:34,4840
192.168.49.121,192.168.209.19,2025-12-09 22:01:30,1525
192.168.46.171,192.168.212.86,2025-12-10 04:23:09,3168
192.168.19.243,192.168.237.211,2025-12-10 07:23:13,547
192.168.152.97,192.168.94.166,2025-12-10 03:10:30,620
192.168.115.155,192.168.204.5,2025-12-09 19:43:10,1168
192.168.242.127,192.168.39.140,2025-12-10 12:26:13,2603
192.168.62.198,192.168.234.190,2025-12-10 02:46:29,3229
192.168.116.26,192.168.69.128,2025-12-09 23:39:53,2134
192.168.143.113,192.168.63.85,2025-12-10 01:17:52,1377
192.168.17.239,192.168.156.142,2025-12-09 23:43:01,4463
192.168.110.133,192.168.178.23,2025-12-09 18:01:04,4974
192.168.226.113,192.168.6.50,2025-12-10 11:00:59,4298
192.168.23.148,192.168.129.226,2025-12-10 05:10:03,3717
192.168.96.183,192.168.182.170,2025-12-09 20:03:43,4728
192.168.127.17,192.168.85.75,2025-12-09 18:14:40,540
192.168.110.110,192.168.211.164,2025-12-09 16:22:23,2820
192.168.216.243,192.168.117.230,2025-12-09 20:11:56,1403
192.168.220.215,192.168.84.252,2025-12-10 02:35:19,2031
192.168.226.130,192.168.53.52,2025-12-10 01:52:27,4825
192.168.182.99,192.168.16.64,2025-12-09 19:36:35,1750
192.168.71.80,192.168.189.80,2025-12-10 11:03:28,1931
192.168.106.118,192.168.20.143,2025-12-09 15:21:22,3605
192.168.58.238,192.168.22.169,2025-12-09 20:23:53,3421
192.168.156.231,192.168.200.124,2025-12-10 00:08:00,4312
192.168.61.191,192.168.129.106,2025-12-09 18:37:38,3464
192.168.196.26,192.168.114.237,2025-12-10 11:03:26,408
192.168.75.206,192.168.221.125,2025-12-10 09:09:48,631
192.168.114.33,192.168.59.205,2025-12-10 01:48:14,1437
192.168.227.167,192.168.159.206,2025-12-10 14:49:28,4210
192.168.205.234,192.168.177.141,2025-12-10 07:28:08,771
192.168.22.71,192.168.241.42,2025-12-10 01:58:50,720
192.168.86.60,192.168.77.37,2025-12-10 07:26:11,2388
192.168.209.185,192.168.51.24,2025-12-10 14:18:06,4750
192.168.195.75,192.168.235.186,2025-12-10 12:34:09,1397
192.168.185.248,192.168.91.51,2025-12-10 07:41:32,761
192.168.108.40,192.168.112.45,2025-12-10 05:44:46,854
192.168.20.21,192.168.100.13,2025-12-10 00:22:40,4631
192.168.92.210,192.168.29.124,2025-12-09 16:23:34,3559
192.168.126.220,192.168.219.207,2025-12-09 21:36:13,780
192.168.50.238,192.168.161.8,2025-12-10 03:08:44,2590
192.168.139.196,192.168.164.110,2025-12-10 04:05:16,804
192.168.163.248,192.168.226.113,2025-12-10 07:39:03,3244
192.168.141.34,192.168.113.180,2025-12-09 15:46:46,3803
192.168.147.187,192.168.14.199,2025-12-09 18:32:13,2525
192.168.87.82,192.168.59.158,2025-12-09 23:40:49,4517
192.168.73.35,192.168.123.100,2025-12-10 12:12:49,1544
192.168.142.218,192.168.171.117,2025-12-09 21:46:40,3893
192.168.39.139,192.168.213.242,2025-12-10 07:25:22,2090
192.168.44.141,192.168.218.237,2025-12-10 09:32:00,4504
192.168.85.202,192.168.43.246,2025-12-09 16:56:03,1402
192.168.225.52,192.168.141.14,2025-12-09 17:36:18,3237
192.168.56.24,192.168.75.188,2025-12-10 03:08:53,4268
192.168.26.167,192.168.41.1,2025-12-10 01:33:43,2507
192.168.78.226,192.168.128.11,2025-12-09 19:28:21,4145
192.168.151.217,192.168.114.62,2025-12-09 22:37:32,1831
192.168.16.57,192.168.128.5,2025-12-09 17:30:15,2783
192.168.32.74,192.168.23.180,2025-12-09 23:39:12,4738
192.168.71.50,192.168.217.88,2025-12-10 11:06:32,3294
192.168.108.47,192.168.83.209,2025-12-09 17:06:40,2992
192.168.75.227,192.168.90.230,2025-12-10 10:55:23,3349
192.168.98.105,192.168.141.186,2025-12-10 12:56:09,3147
192.168.254.35,192.168.153.59,2025-12-09 19:13:17,1172
192.168.117.70,192.168.242.239,2025-12-10 10:13:26,2724
192.168.80.204,192.168.120.164,2025-12-10 11:29:34,3756
192.168.236.208,192.168.107.181,2025-12-10 02:25:14,1711
192.168.242.117,192.168.55.215,2025-12-09 23:08:18,4708
192.168.48.250,192.168.46.153,2025-12-10 07:48:49,1168
192.168.26.189,192.168.114.127,2025-12-10 08:50:44,3395
192.168.229.103,192.168.46.190,2025-12-09 15:48:22,2887
192.168.168.50,192.168.106.254,2025-12-09 17:46:51,971
192.168.100.83,192.168.132.202,2025-12-09 16:01:21,2522
192.168.47.27,192.168.218.52,2025-12-10 14:22:23,4743
192.168.17.215,192.168.58.196,2025-12-10 08:14:31,3193
192.168.43.182,192.168.208.75,2025-12-09 17:53:17,3459
192.168.167.6,192.168.216.228,2025-12-10 00:10:30,4445
192.168.169.157,192.168.65.105,2025-12-10 07:49:03,3777
192.168.12.183,192.168.100.153,2025-12-09 20:43:16,4843
192.168.94.62,192.168.115.70,2025-12-10 04:32:09,1672
192.168.175.50,192.168.146.209,2025-12-10 13:48:37,4112
192.168.7.234,192.168.209.44,2025-12-10 08:25:23,2330
192.168.192.227,192.168.220.114,2025-12-10 10:27:05,4682
192.168.104.224,192.168.68.198,2025-12-10 08:33:21,512
192.168.65.142,192.168.130.2,2025-12-10 14:42:11,4419
192.168.80.27,192.168.75.109,2025-12-10 13:08:55,1579
192.168.209.109,192.168.28.79,2025-12-09 22:46:03,3755
192.168.161.205,192.168.184.14,2025-12-10 14:27:33,1747
192.168.112.254,192.168.37.93,2025-12-10 12:54:33,3142
192.168.92.32,192.168.178.25,2025-12-09 20:54:57,970
192.168.28.25,192.168.195.111,2025-12-09 19:09:22,2194
192.168.93.192,192.168.87.79,2025-12-09 16:45:20,3415
192.168.111.98,192.168.35.64,2025-12-09 18:21:07,2916
192.168.149.245,192.168.218.144,2025-12-09 20:28:12,990
192.168.160.177,192.168.68.73,2025-12-10 01:41:27,4382
192.168.143.50,192.168.47.198,2025-12-10 03:24:43,949
192.168.197.201,192.168.198.15,2025-12-09 18:05:44,3967
192.168.213.138,192.168.54.183,2025-12-10 08:59:48,2050
192.168.25.133,192.168.92.75,2025-12-10 10:35:00,4613
192.168.214.204,192.168.128.22,2025-12-10 02:09:34,3305
192.168.223.53,192.168.234.97,2025-12-10 04:58:13,3119
192.168.204.149,192.168.48.143,2025-12-09 17:49:48,2456
192.168.20.40,192.168.56.181,2025-12-10 07:21:43,983
192.168.154.25,192.168.198.160,2025-12-09 19:41:34,3132
192.168.35.232,192.168.140.216,2025-12-10 08:05:15,1425
192.168.37.85,192.168.76.76,2025-12-10 13:58:20,2511
192.168.25.8,192.168.65.136,2025-12-09 19:41:37,3851
192.168.58.112,192.168.127.211,2025-12-10 03:09:12,2354
192.168.239.251,192.168.173.219,2025-12-10 00:25:56,4465
192.168.168.180,192.168.55.240,2025-12-10 12:13:54,3119
192.168.25.12,192.168.31.184,2025-12-10 07:57:40,1537
192.168.63.33,192.168.175.200,2025-12-10 01:02:43,2550
192.168.64.48,192.168.200.150,2025-12-10 05:13:55,314
192.168.214.108,192.168.193.202,2025-12-09 19:49:40,4047
192.168.231.198,192.168.140.77,2025-12-10 09:26:05,1751
192.168.17.142,192.168.64.24,2025-12-09 19:14:51,3035
192.168.223.170,192.168.31.69,2025-12-10 00:00:44,1980
192.168.223.133,192.168.192.162,2025-12-10 12:22:04,3816
192.168.24.158,192.168.213.12,2025-12-10 03:34:51,363
192.168.200.79,192.168.97.15,2025-12-10 04:26:56,4461
192.168.240.79,192.168.229.214,2025-12-09 18:39:28,3156
192.168.28.181,192.168.118.212,2025-12-09 20:11:37,4734
192.168.126.229,192.168.49.52,2025-12-10 09:14:09,1685
192.168.227.109,192.168.9.157,2025-12-10 08:01:03,3167
192.168.117.224,192.168.183.204,2025-12-09 21:53:01,278
192.168.227.238,192.168.20.217,2025-12-10 04:31:42,1899
192.168.232.62,192.168.218.159,2025-12-09 21:35:20,2097
192.168.76.38,192.168.171.88,2025-12-10 03:53:17,3329
192.168.62.96,192.168.81.152,2025-12-10 11:58:58,1893
192.168.163.86,192.168.67.185,2025-12-09 15:41:39,4732
192.168.245.4,192.168.136.30,2025-12-10 12:11:07,3247
192.168.156.120,192.168.238.80,2025-12-10 06:53:58,810
192.168.189.12,192.168.135.43,2025-12-09 18:29:38,1607
192.168.21.3,192.168.151.68,2025-12-10 12:13:47,1470
192.168.113.198,192.168.211.147,2025-12-10 12:12:22,3084
192.168.74.207,192.168.95.28,2025-12-09 19:23:03,3638
192.168.86.232,192.168.5.147,2025-12-10 14:21:17,2516
192.168.248.135,192.168.126.152,2025-12-10 08:21:43,600
192.168.100.42,192.168.179.139,2025-12-10 04:18:31,3314
192.168.233.44,192.168.182.229,2025-12-09 20:34:00,3094
192.168.78.160,192.168.166.203,2025-12-10 12:05:46,4211
192.168.105.146,192.168.215.73,2025-12-09 22:53:24,4368
192.168.149.209,192.168.52.119,2025-12-10 03:51:36,2569
192.168.199.181,192.168.213.120,2025-12-10 15:04:55,1021
192.168.173.17,192.168.49.28,2025-12-10 11:49:51,1318
192.168.171.96,192.168.254.147,2025-12-09 20:12:14,2731
192.168.91.143,192.168.139.44,2025-12-10 05:32:09,2780
192.168.109.107,192.168.231.91,2025-12-09 16:49:47,2652
192.168.97.52,192.168.207.202,2025-12-10 00:16:05,3921
192.168.36.15,192.168.192.123,2025-12-10 02:16:53,3655
192.168.14.67,192.168.240.113,2025-12-09 18:53:34,2261
192.168.214.70,192.168.164.95,2025-12-09 19:16:53,504
192.168.148.2,192.168.182.231,2025-12-09 16:37:36,4202
192.168.139.37,192.168.144.146,2025-12-10 06:34:03,1907
192.168.159.225,192.168.89.158,2025-12-10 09:18:14,931
192.168.219.180,192.168.34.246,2025-12-10 01:09:15,387
192.168.93.212,192.168.232.144,2025-12-09 15:43:29,301
192.168.107.23,192.168.90.100,2025-12-10 01:46:18,3116
192.168.73.224,192.168.128.68,2025-12-09 17:05:16,4092
192.168.49.193,192.168.219.108,2025-12-09 16:29:59,4512
192.168.148.79,192.168.173.198,2025-12-10 07:18:56,1630
192.168.191.174,192.168.108.161,2025-12-09 20:45:32,2113
192.168.217.165,192.168.58.174,2025-12-09 22:25:38,372
192.168.174.43,192.168.29.45,2025-12-09 19:50:42,780
192.168.164.63,192.168.74.69,2025-12-09 22:09:46,4774
192.168.178.69,192.168.187.95,2025-12-10 04:53:17,865
192.168.105.238,192.168.65.248,2025-12-09 22:13:50,1487
192.168.86.255,192.168.50.61,2025-12-09 19:05:28,2616
192.168.74.64,192.168.216.195,2025-12-10 07:22:39,2672
192.168.59.167,192.168.143.22,2025-12-09 17:39:34,1597
192.168.144.65,192.168.172.144,2025-12-10 04:28:27,3299
192.168.14.247,192.168.129.179,2025-12-10 03:41:56,532
192.168.19.19,192.168.190.87,2025-12-10 04:55:21,2658
192.168.147.10,192.168.241.97,2025-12-10 03:01:45,925
192.168.176.67,192.168.66.201,2025-12-10 01:47:01,4672
192.168.115.184,192.168.115.159,2025-12-10 13:26:58,3431
192.168.9.193,192.168.110.221,2025-12-10 01:26:38,174
192.168.215.177,192.168.149.18,2025-12-10 03:03:40,1099
192.168.181.133,192.168.122.149,2025-12-10 02:17:36,1888
192.168.46.235,192.168.250.43,2025-12-09 20:08:21,1357
192.168.233.167,192.168.73.94,2025-12-10 06:34:53,787
192.168.184.217,192.168.58.238,2025-12-10 14:16:21,1850
192.168.145.159,192.168.110.247,2025-12-09 15:05:15,385
192.168.132.185,192.168.72.141,2025-12-10 07:18:31,3994
192.168.224.141,192.168.96.70,2025-12-10 03:25:59,3232
192.168.22.236,192.168.208.23,2025-12-10 09:13:15,1270
192.168.215.99,192.168.55.216,2025-12-09 17:37:20,3050
192.168.226.43,192.168.72.227,2025-12-10 06:11:08,3105
192.168.136.137,192.168.167.120,2025-12-09 22:26:13,3136
192.168.194.88,192.168.101.240,2025-12-10 00:40:22,3790
192.168.80.143,192.168.175.124,2025-12-10 07:55:27,776
192.168.88.27,192.168.26.190,2025-12-10 14:11:50,2860
192.168.115.112,192.168.138.115,2025-12-09 15:54:36,3167
192.168.245.153,192.168.59.109,2025-12-10 05:45:47,4264
192.168.138.116,192.168.14.254,2025-12-09 21:07:50,1191
192.168.26.110,192.168.4.7,2025-12-10 01:28:06,3417
192.168.211.151,192.168.195.157,2025-12-10 01:31:57,1794
192.168.34.168,192.168.214.145,2025-12-09 22:25:58,4694
192.168.70.242,192.168.127.138,2025-12-09 15:52:51,717
192.168.1.33,192.168.207.164,2025-12-10 01:40:12,2983
192.168.69.202,192.168.157.98,2025-12-10 09:52:12,4984
192.168.20.29,192.168.153.111,2025-12-09 22:55:19,2849
192.168.9.34,192.168.171.231,2025-12-09 20:35:56,4923
192.168.181.124,192.168.79.231,2025-12-10 14:10:33,2106
192.168.91.168,192.168.115.47,2025-12-09 23:50:28,4732
192.168.81.150,192.168.230.243,2025-12-10 08:07:13,1604
192.168.225.140,192.168.57.123,2025-12-10 07:52:05,3395
192.168.240.187,192.168.24.225,2025-12-10 03:05:25,4096
192.168.173.216,192.168.180.110,2025-12-09 21:44:15,692
192.168.27.204,192.168.230.245,2025-12-10 04:12:40,2460
192.168.116.28,192.168.89.247,2025-12-09 17:01:30,4724
192.168.142.58,192.168.156.80,2025-12-10 14:17:46,615
192.168.127.19,192.168.163.151,2025-12-10 00:38:22,2202
192.168.188.239,192.168.218.61,2025-12-09 16:45:03,3427
192.168.234.229,192.168.128.150,2025-12-10 00:38:08,1778
192.168.84.125,192.168.66.247,2025-12-10 01:05:12,3293
192.168.204.166,192.168.253.245,2025-12-10 12:13:17,4543
192.168.237.110,192.168.89.20,2025-12-10 04:45:16,1136
192.168.12.71,192.168.40.240,2025-12-10 14:44:22,3220
192.168.72.73,192.168.131.77,2025-12-10 13:39:30,1888
192.168.90.112,192.168.164.91,2025-12-09 19:14:12,1327
192.168.16.116,192.168.153.99,2025-12-09 15:44:45,4600
192.168.79.57,192.168.39.195,2025-12-10 06:39:40,1503
192.168.40.141,192.168.198.99,2025-12-09 18:38:12,1406
192.168.174.71,192.168.153.241,2025-12-09 18:26:59,494
192.168.40.211,192.168.200.74,2025-12-10 10:43:34,2497
192.168.96.57,192.168.24.225,2025-12-10 03:29:51,1268
192.168.226.155,192.168.89.1,2025-12-10 07:09:48,3918
192.168.18.23,192.168.219.144,2025-12-09 16:45:05,3457
192.168.241.31,192.168.222.110,2025-12-10 12:02:06,1971
192.168.86.132,192.168.72.119,2025-12-10 01:42:40,4877
192.168.186.110,192.168.108.95,2025-12-09 19:06:47,4471
192.168.146.132,192.168.9.121,2025-12-09 22:44:06,4738
192.168.215.138,192.168.233.9,2025-12-10 10:12:28,2633
192.168.203.233,192.168.40.8,2025-12-10 05:53:14,765
192.168.39.167,192.168.120.7,2025-12-10 02:55:51,3494
192.168.237.26,192.168.136.63,2025-12-10 02:28:15,3263
192.168.19.153,192.168.72.117,2025-12-10 01:08:52,3699
192.168.30.27,192.168.142.180,2025-12-10 02:36:52,2219
192.168.121.152,192.168.4.159,2025-12-09 23:18:01,3234
192.168.97.84,192.168.161.1,2025-12-10 10:27:12,1850
192.168.47.52,192.168.147.79,2025-12-10 05:12:25,2180
192.168.15.148,192.168.218.187,2025-12-10 04:38:43,3251
192.168.32.239,192.168.110.32,2025-12-10 02:09:21,4915
192.168.140.204,192.168.86.93,2025-12-10 11:18:47,3506
192.168.38.210,192.168.9.15,2025-12-10 01:31:50,306
192.168.137.203,192.168.223.226,2025-12-09 18:28:08,2973
192.168.145.255,192.168.211.97,2025-12-10 08:27:08,1361
192.168.123.174,192.168.49.171,2025-12-10 13:55:28,695
192.168.216.33,192.168.129.192,2025-12-10 13:28:44,3406
192.168.148.133,192.168.196.231,2025-12-10 11:29:53,2423
192.168.106.57,192.168.185.91,2025-12-09 19:06:10,3702
192.168.114.20,192.168.17.147,2025-12-09 18:16:57,2198
192.168.22.133,192.168.46.117,2025-12-09 20:55:30,4533
192.168.60.207,192.168.102.200,2025-12-10 05:21:21,2265
192.168.197.253,192.168.140.217,2025-12-10 14:51:05,4326
192.168.142.120,192.168.46.250,2025-12-09 19:53:45,3141
192.168.219.88,192.168.71.197,2025-12-10 00:29:18,3054
192.168.227.216,192.168.195.15,2025-12-09 21:03:00,1034
192.168.229.146,192.168.142.243,2025-12-10 09:28:29,657
192.168.186.53,192.168.167.6,2025-12-10 07:24:12,2599
192.168.6.179,192.168.88.63,2025-12-09 23:04:16,2677
192.168.243.186,192.168.161.177,2025-12-10 04:30:55,1279
192.168.60.89,192.168.94.181,2025-12-09 18:05:25,3825
192.168.83.241,192.168.107.205,2025-12-10 14:03:31,3720
192.168.71.124,192.168.147.37,2025-12-10 00:34:31,341
192.168.13.237,192.168.210.120,2025-12-10 13:24:03,1230
192.168.206.136,192.168.68.126,2025-12-09 20:42:46,2826
192.168.98.78,192.168.237.187,2025-12-10 14:45:30,1429
192.168.135.241,192.168.101.58,2025-12-10 12:03:23,3985
192.168.45.64,192.168.150.208,2025-12-09 19:51:59,2804
192.168.9.158,192.168.234.245,2025-12-10 04:41:47,2856
192.168.68.227,192.168.197.135,2025-12-09 19:41:42,4385
192.168.183.197,192.168.184.147,2025-12-10 02:06:15,3106
192.168.82.238,192.168.32.47,2025-12-10 09:26:58,3669
192.168.59.66,192.168.80.213,2025-12-10 12:22:33,4507
192.168.250.223,192.168.60.57,2025-12-09 23:54:33,1114
192.168.175.65,192.168.5.26,2025-12-10 07:02:49,4628
192.168.92.124,192.168.214.203,2025-12-09 17:13:36,3826
192.168.140.215,192.168.87.225,2025-12-09 17:35:46,401
192.168.186.198,192.168.3.230,2025-12-10 06:09:35,773
192.168.151.23,192.168.212.156,2025-12-10 04:14:27,1484
192.168.29.135,192.168.40.3,2025-12-09 20:56:24,4345
192.168.64.197,192.168.254.67,2025-12-10 03:39:24,3547
192.168.82.217,192.168.228.228,2025-12-09 20:28:17,4349
192.168.96.197,192.168.199.174,2025-12-09 22:26:09,2554
192.168.242.249,192.168.104.48,2025-12-10 11:25:41,1179
192.168.91.251,192.168.76.186,2025-12-09 22:52:28,2467
192.168.243.206,192.168.46.245,2025-12-10 14:50:44,4235
192.168.218.100,192.168.98.8,2025-12-10 03:50:14,2525
192.168.135.191,192.168.8.154,2025-12-10 13:23:51,4380
192.168.187.75,192.168.41.61,2025-12-10 13:39:44,1858
192.168.79.189,192.168.96.11,2025-12-10 10:07:03,689
192.168.107.142,192.168.119.109,2025-12-10 06:21:07,3797
192.168.32.132,192.168.225.198,2025-12-10 03:05:46,2430
192.168.41.108,192.168.233.136,2025-12-10 07:41:32,2030
192.168.106.212,192.168.4.15,2025-12-09 21:08:19,1255
192.168.78.239,192.168.94.17,2025-12-09 22:26:16,2666
192.168.187.202,192.168.200.114,2025-12-10 12:12:31,3709
192.168.214.207,192.168.121.173,2025-12-10 00:08:51,1518
192.168.181.102,192.168.209.246,2025-12-10 09:41:50,2487
192.168.60.242,192.168.252.147,2025-12-10 02:20:11,2232
192.168.160.49,192.168.51.176,2025-12-10 03:47:33,615
192.168.230.253,192.168.90.201,2025-12-09 15:37:50,4399
192.168.231.99,192.168.37.53,2025-12-10 06:59:10,4671
192.168.154.255,192.168.188.219,2025-12-09 18:41:16,3817
192.168.206.88,192.168.98.108,2025-12-09 22:02:45,4307
192.168.214.154,192.168.56.239,2025-12-09 15:31:49,2943
192.168.206.37,192.168.29.180,2025-12-10 01:57:02,3402
192.168.173.143,192.168.51.227,2025-12-09 22:54:28,1766
192.168.115.40,192.168.75.137,2025-12-10 10:49:54,1731
192.168.89.19,192.168.4.247,2025-12-10 01:08:27,2056
192.168.229.24,192.168.37.160,2025-12-09 19:02:20,2489
192.168.197.138,192.168.141.159,2025-12-10 00:07:19,2437
192.168.102.1,192.168.109.167,2025-12-10 10:05:15,2528
192.168.43.241,192.168.193.59,2025-12-09 22:50:28,899
192.168.103.200,192.168.236.222,2025-12-10 04:40:41,4461
192.168.83.128,192.168.214.103,2025-12-10 12:03:45,2747
192.168.177.227,192.168.209.152,2025-12-10 05:54:05,533
192.168.7.94,192.168.85.35,2025-12-10 02:52:09,2138
192.168.53.215,192.168.16.95,2025-12-10 01:33:26,3175
192.168.117.194,192.168.236.182,2025-12-10 07:41:52,1236
192.168.253.150,192.168.240.128,2025-12-10 06:17:22,4908
192.168.92.218,192.168.51.89,2025-12-09 23:01:32,2549
192.168.173.111,192.168.76.201,2025-12-09 22:32:38,2402
192.168.14.245,192.168.150.164,2025-12-10 13:35:32,2373
192.168.18.9,192.168.206.68,2025-12-09 20:05:15,3992
192.168.244.99,192.168.16.189,2025-12-10 11:32:23,1666
192.168.237.107,192.168.18.104,2025-12-09 22:17:27,4807
192.168.184.98,192.168.109.77,2025-12-09 16:05:47,1362
192.168.76.183,192.168.238.72,2025-12-09 15:28:21,3930
192.168.114.157,192.168.24.135,2025-12-10 13:10:57,1029
192.168.79.226,192.168.28.229,2025-12-09 20:37:39,826
192.168.51.205,192.168.219.56,2025-12-10 08:35:18,4110
192.168.74.119,192.168.129.163,2025-12-10 03:31:39,1108
192.168.18.226,192.168.52.150,2025-12-09 15:33:25,872
192.168.79.65,192.168.44.154,2025-12-09 17:11:02,1789
192.168.26.187,192.168.104.237,2025-12-10 00:54:02,3712
192.168.105.195,192.168.204.145,2025-12-10 07:37:24,2084
192.168.148.179,192.168.134.4,2025-12-10 01:30:48,3844
192.168.37.134,192.168.215.254,2025-12-10 08:57:15,577
192.168.190.140,192.168.211.80,2025-12-09 19:28:55,1815
192.168.216.222,192.168.239.71,2025-12-09 23:17:25,3135
192.168.88.117,192.168.49.78,2025-12-10 02:22:24,4610
192.168.149.79,192.168.233.115,2025-12-09 18:08:17,4965
192.168.121.61,192.168.17.248,2025-12-10 04:49:30,1070
192.168.104.75,192.168.146.30,2025-12-09 17:22:24,4157
192.168.29.115,192.168.27.55,2025-12-09 17:20:44,3034
192.168.165.188,192.168.50.33,2025-12-09 22:38:42,725
192.168.28.119,192.168.235.161,2025-12-10 05:46:10,1243
192.168.152.14,192.168.207.59,2025-12-09 19:51:56,2271
192.168.127.219,192.168.33.39,2025-12-09 19:51:05,2706
192.168.255.100,192.168.240.14,2025-12-10 14:24:37,886
192.168.26.85,192.168.208.188,2025-12-10 05:43:28,1670
192.168.231.3,192.168.168.153,2025-12-09 19:32:50,3750
192.168.246.110,192.168.82.234,2025-12-09 23:26:16,4546
192.168.5.8,192.168.76.163,2025-12-10 01:31:17,1945
192.168.70.178,192.168.74.224,2025-12-10 06:57:23,1142
192.168.224.186,192.168.39.157,2025-12-09 21:15:46,2799
192.168.104.133,192.168.53.103,2025-12-10 02:10:43,1945
192.168.244.189,192.168.154.158,2025-12-10 14:35:24,4252
192.168.158.172,192.168.252.63,2025-12-09 15:14:05,2216
192.168.127.25,192.168.138.70,2025-12-10 06:54:36,1954
192.168.97.108,192.168.199.114,2025-12-09 23:52:32,2881
192.168.189.238,192.168.119.184,2025-12-09 19:39:32,3872
192.168.6.138,192.168.252.203,2025-12-09 18:11:27,4440
192.168.91.35,192.168.9.109,2025-12-10 00:11:42,882
192.168.131.111,192.168.196.104,2025-12-09 15:19:35,4862
192.168.205.16,192.168.223.42,2025-12-09 23:43:40,4420
192.168.63.134,192.168.43.192,2025-12-09 22:37:46,1807
192.168.57.163,192.168.226.12,2025-12-10 06:32:01,2609
192.168.16.162,192.168.135.168,2025-12-10 12:57:56,3947
192.168.57.205,192.168.82.180,2025-12-10 14:12:04,4040
192.168.30.172,192.168.32.20,2025-12-09 23:06:03,597
192.168.106.232,192.168.169.129,2025-12-09 18:59:10,2320
192.168.144.101,192.168.165.50,2025-12-10 09:53:12,2633
192.168.39.118,192.168.125.75,2025-12-09 18:49:10,4046
192.168.77.118,192.168.136.118,2025-12-10 14:13:04,205
192.168.179.114,192.168.253.183,2025-12-09 15:35:23,3797
192.168.207.182,192.168.218.117,2025-12-09 19:14:39,2258
192.168.252.141,192.168.104.129,2025-12-09 20:37:14,3824
192.168.250.245,192.168.209.231,2025-12-10 11:22:03,2911
192.168.129.1,192.168.240.65,2025-12-09 20:59:17,2591
192.168.101.152,192.168.25.10,2025-12-10 04:36:00,1861
192.168.216.69,192.168.5.138,2025-12-09 20:44:10,768
192.168.18.102,192.168.233.151,2025-12-10 06:09:40,3673
192.168.12.131,192.168.148.137,2025-12-10 14:12:49,3376
192.168.21.204,192.168.11.119,2025-12-09 19:47:37,3875
192.168.20.87,192.168.4.55,2025-12-10 00:16:35,1917
192.168.30.112,192.168.71.85,2025-12-10 02:09:56,3375
192.168.201.27,192.168.243.77,2025-12-10 08:02:07,1332
192.168.44.111,192.168.57.20,2025-12-10 09:45:56,4724
192.168.104.243,192.168.156.67,2025-12-10 08:55:32,4599
192.168.224.133,192.168.73.159,2025-12-09 21:23:08,2921
192.168.9.13,192.168.205.163,2025-12-10 07:35:12,3314
192.168.231.106,192.168.223.132,2025-12-10 01:45:23,3521
192.168.169.254,192.168.93.242,2025-12-10 00:05:52,434
192.168.4.36,192.168.55.233,2025-12-10 10:16:49,4901
192.168.73.72,192.168.137.243,2025-12-09 20:47:32,2375
192.168.202.166,192.168.243.211,2025-12-10 05:44:03,2093
192.168.161.121,192.168.124.231,2025-12-09 22:04:51,1796
192.168.147.175,192.168.12.191,2025-12-10 11:43:55,4803
192.168.183.62,192.168.63.3,2025-12-10 09:09:28,2828
192.168.60.202,192.168.100.60,2025-12-10 07:51:07,4311
192.168.226.124,192.168.55.233,2025-12-09 22:26:07,2710
192.168.152.218,192.168.127.43,2025-12-09 16:22:26,3896
192.168.92.225,192.168.189.62,2025-12-09 23:24:26,4088
192.168.37.115,192.168.211.101,2025-12-09 22:26:45,1078
192.168.240.233,192.168.186.138,2025-12-09 22:51:48,3320
192.168.158.108,192.168.6.119,2025-12-10 07:21:26,932
192.168.25.163,192.168.72.76,2025-12-09 15:27:37,716
192.168.154.118,192.168.141.86,2025-12-09 16:43:35,2841
192.168.126.118,192.168.112.137,2025-12-09 15:53:16,660
192.168.237.218,192.168.105.187,2025-12-09 17:49:27,592
192.168.222.62,192.168.254.184,2025-12-09 20:17:11,1191
192.168.21.134,192.168.3.55,2025-12-09 23:35:53,2157
192.168.62.14,192.168.214.226,2025-12-10 05:34:08,2499
192.168.122.120,192.168.56.130,2025-12-10 06:47:10,3147
192.168.87.193,192.168.252.112,2025-12-10 09:47:42,3217
192.168.194.241,192.168.206.162,2025-12-10 07:53:03,3925
192.168.65.226,192.168.46.73,2025-12-10 09:51:15,3981
192.168.207.64,192.168.3.87,2025-12-10 06:14:16,706
192.168.164.2,192.168.1.4,2025-12-09 17:48:46,4390
192.168.198.81,192.168.162.137,2025-12-09 19:13:11,2804
192.168.77.152,192.168.229.217,2025-12-10 07:00:45,116
192.168.32.13,192.168.113.65,2025-12-10 10:57:13,4266
192.168.12.15,192.168.21.197,2025-12-09 23:09:58,2564
192.168.37.149,192.168.76.126,2025-12-10 08:16:24,1827
192.168.124.237,192.168.112.248,2025-12-10 14:36:46,2504
192.168.110.132,192.168.205.70,2025-12-09 21:03:31,4438
192.168.134.9,192.168.248.113,2025-12-09 19:37:28,3483
192.168.36.240,192.168.214.169,2025-12-09 17:41:11,557
192.168.210.224,192.168.193.38,2025-12-10 05:24:16,711
192.168.188.240,192.168.211.248,2025-12-10 09:55:34,2715
192.168.139.224,192.168.157.196,2025-12-10 12:04:34,272
192.168.64.85,192.168.44.24,2025-12-09 15:19:46,2457
192.168.20.20,192.168.214.99,2025-12-10 13:50:45,396
192.168.62.110,192.168.249.226,2025-12-10 13:50:10,3672
192.168.156.58,192.168.29.237,2025-12-10 02:06:02,1239
192.168.89.227,192.168.238.14,2025-12-09 19:55:24,4791
192.168.214.14,192.168.141.118,2025-12-09 16:35:18,962
192.168.29.132,192.168.9.80,2025-12-09 17:41:03,4848
192.168.218.112,192.168.162.95,2025-12-09 22:11:29,676
192.168.174.203,192.168.231.11,2025-12-10 06:19:13,1164
192.168.109.193,192.168.174.73,2025-12-09 15:44:58,1809
192.168.97.254,192.168.179.117,2025-12-10 02:51:06,3890
192.168.189.174,192.168.163.72,2025-12-09 15:06:37,768
192.168.31.164,192.168.84.187,2025-12-09 23:06:49,2160
192.168.147.131,192.168.146.20,2025-12-10 09:32:22,2692
192.168.94.211,192.168.248.56,2025-12-10 04:55:31,477
192.168.173.103,192.168.52.244,2025-12-10 11:18:29,2449
192.168.23.243,192.168.127.6,2025-12-10 02:10:08,842
192.168.185.128,192.168.185.55,2025-12-10 11:04:46,2214
192.168.255.240,192.168.53.142,2025-12-09 20:45:16,805
192.168.167.135,192.168.39.51,2025-12-09 15:55:33,1450
192.168.23.233,192.168.147.143,2025-12-10 01:10:41,4731
192.168.182.216,192.168.202.244,2025-12-10 10:01:34,4399
192.168.200.111,192.168.216.209,2025-12-10 09:24:42,4615
192.168.241.59,192.168.230.95,2025-12-10 12:28:48,1439
192.168.17.97,192.168.197.34,2025-12-10 10:22:46,4065
192.168.208.56,192.168.240.227,2025-12-09 19:37:05,4033
192.168.127.49,192.168.2.237,2025-12-09 23:11:31,1023
192.168.98.146,192.168.69.238,2025-12-10 05:12:09,1074
192.168.223.143,192.168.86.107,2025-12-10 13:31:05,258
192.168.12.155,192.168.233.7,2025-12-10 07:43:13,326
192.168.246.240,192.168.219.101,2025-12-10 12:14:36,123
192.168.35.249,192.168.72.78,2025-12-10 06:46:40,2456
192.168.74.25,192.168.136.129,2025-12-10 08:04:07,4242
192.168.137.164,192.168.92.178,2025-12-09 23:40:42,1358
192.168.80.246,192.168.186.202,2025-12-10 04:46:04,4422
192.168.105.85,192.168.143.10,2025-12-09 20:09:26,3801
192.168.223.141,192.168.248.63,2025-12-10 04:12:12,4161
192.168.228.228,192.168.117.204,2025-12-10 10:19:54,1248
192.168.221.15,192.168.30.95,2025-12-10 08:16:57,4422
192.168.147.23,192.168.146.242,2025-12-10 04:20:35,4883
192.168.255.76,192.168.116.92,2025-12-10 02:55:47,2649
192.168.224.174,192.168.238.161,2025-12-09 20:51:43,3542
192.168.99.64,192.168.33.112,2025-12-09 23:43:43,1538
192.168.183.55,192.168.160.143,2025-12-10 13:35:58,3693
192.168.162.208,192.168.204.48,2025-12-10 07:24:26,485
192.168.17.28,192.168.152.190,2025-12-10 13:04:50,2115
192.168.255.203,192.168.180.93,2025-12-10 11:05:06,3772
192.168.207.104,192.168.55.38,2025-12-09 16:31:46,917
192.168.52.102,192.168.43.243,2025-12-10 04:21:10,4147
192.168.250.166,192.168.254.26,2025-12-10 06:31:45,3113
192.168.32.150,192.168.37.143,2025-12-09 20:37:23,558
192.168.89.252,192.168.9.234,2025-12-10 08:40:44,4294
192.168.144.7,192.168.84.168,2025-12-09 22:22:03,3281
192.168.65.61,192.168.168.247,2025-12-10 13:31:14,3525
192.168.201.250,192.168.75.183,2025-12-09 19:29:48,4645
192.168.208.103,192.168.173.178,2025-12-10 00:16:25,1989
192.168.179.168,192.168.48.60,2025-12-09 18:11:10,775
192.168.55.117,192.168.19.65,2025-12-09 16:43:09,351
192.168.26.82,192.168.237.223,2025-12-10 11:54:21,3791
192.168.240.248,192.168.233.179,2025-12-09 21:06:59,869
192.168.196.231,192.168.206.237,2025-12-09 18:15:01,128
192.168.242.77,192.168.206.147,2025-12-10 13:15:34,4113
192.168.237.141,192.168.141.163,2025-12-09 20:58:47,3471
192.168.116.231,192.168.34.50,2025-12-09 19:46:33,4286
192.168.17.143,192.168.38.65,2025-12-10 08:17:01,3904
192.168.104.176,192.168.80.181,2025-12-09 21:07:39,4421
192.168.35.12,192.168.227.71,2025-12-09 19:19:02,4125
192.168.156.90,192.168.15.13,2025-12-10 04:34:26,4854
192.168.217.102,192.168.220.37,2025-12-10 13:44:50,1900
192.168.216.37,192.168.80.191,2025-12-09 21:12:31,1046
192.168.68.163,192.168.128.111,2025-12-09 21:39:04,1203
192.168.55.21,192.168.28.26,2025-12-10 01:57:51,2065
192.168.145.195,192.168.68.143,2025-12-09 19:01:03,1153
192.168.55.126,192.168.96.198,2025-12-09 22:53:53,642
192.168.156.23,192.168.89.70,2025-12-10 01:39:54,955
192.168.152.209,192.168.40.136,2025-12-09 20:32:16,2694
192.168.81.166,192.168.130.158,2025-12-10 07:38:58,2103
192.168.171.28,192.168.208.13,2025-12-10 11:42:30,2637
192.168.20.143,192.168.88.207,2025-12-10 13:12:39,531
192.168.66.166,192.168.248.59,2025-12-10 14:58:16,4029
192.168.51.106,192.168.149.236,2025-12-10 01:28:02,1018
192.168.53.15,192.168.121.93,2025-12-09 16:09:54,785
192.168.128.47,192.168.159.188,2025-12-09 15:09:52,2009
192.168.104.126,192.168.235.68,2025-12-10 02:58:28,3117
192.168.145.235,192.168.234.131,2025-12-10 11:02:18,3763
192.168.92.238,192.168.155.206,2025-12-10 06:48:35,4162
192.168.1.35,192.168.93.16,2025-12-10 04:38:38,555
192.168.232.50,192.168.13.130,2025-12-10 01:16:45,768
192.168.187.230,192.168.77.105,2025-12-09 20:54:04,1671
192.168.41.1,192.168.192.117,2025-12-09 20:04:32,2204
192.168.26.56,192.168.152.41,2025-12-10 00:50:33,2257
192.168.35.144,192.168.203.32,2025-12-10 14:56:39,1468
192.168.173.78,192.168.14.201,2025-12-10 14:21:34,3433
192.168.98.130,192.168.139.71,2025-12-10 02:07:00,1082
192.168.170.70,192.168.175.207,2025-12-10 00:35:31,3870
192.168.41.233,192.168.114.145,2025-12-10 05:26:41,3010
192.168.109.221,192.168.127.247,2025-12-10 14:28:35,676
192.168.49.235,192.168.44.162,2025-12-10 01:28:21,2614
192.168.242.108,192.168.107.87,2025-12-10 14:21:29,960
192.168.96.99,192.168.30.240,2025-12-10 04:45:17,4750
192.168.219.19,192.168.125.160,2025-12-09 18:06:50,3784
192.168.204.125,192.168.91.91,2025-12-10 07:25:03,1348
192.168.25.119,192.168.98.180,2025-12-10 03:01:52,3872
192.168.131.42,192.168.215.6,2025-12-10 03:23:26,4932
192.168.142.56,192.168.53.60,2025-12-09 16:37:05,697
192.168.127.144,192.168.53.168,2025-12-10 09:48:43,4485
192.168.211.67,192.168.179.12,2025-12-10 12:02:19,2431
192.168.168.160,192.168.41.146,2025-12-09 23:56:27,904
192.168.71.111,192.168.236.19,2025-12-10 11:07:31,3837
192.168.112.153,192.168.32.134,2025-12-10 08:27:41,2931
192.168.5.197,192.168.233.178,2025-12-09 17:49:23,1043
192.168.59.63,192.168.5.84,2025-12-10 12:18:16,3334
192.168.245.158,192.168.242.61,2025-12-09 19:53:31,541
192.168.106.132,192.168.95.92,2025-12-09 21:24:34,3704
192.168.10.4,192.168.218.121,2025-12-10 08:26:06,262
192.168.17.46,192.168.230.28,2025-12-10 06:28:16,2929
192.168.251.129,192.168.60.95,2025-12-10 06:16:27,3378
192.168.161.77,192.168.93.130,2025-12-09 20:52:57,2786
192.168.106.225,192.168.30.108,2025-12-09 22:53:31,3368
192.168.81.86,192.168.227.205,2025-12-09 21:56:39,4005
192.168.180.99,192.168.208.77,2025-12-09 20:24:53,315
192.168.214.139,192.168.222.60,2025-12-09 19:11:59,3382
192.168.124.59,192.168.90.233,2025-12-10 08:53:08,1397
192.168.189.196,192.168.152.66,2025-12-10 06:25:34,4222
192.168.163.103,192.168.102.24,2025-12-10 03:58:08,3201
192.168.182.39,192.168.247.104,2025-12-10 14:32:40,714
192.168.92.97,192.168.58.35,2025-12-09 23:32:03,2728
192.168.43.220,192.168.164.42,2025-12-09 19:01:50,2420
192.168.153.225,192.168.156.201,2025-12-10 01:33:30,489
192.168.62.159,192.168.158.204,2025-12-10 01:01:42,2983
192.168.221.137,192.168.174.146,2025-12-10 11:43:12,3987
192.168.147.65,192.168.4.105,2025-12-09 21:07:12,3295
192.168.249.45,192.168.217.140,2025-12-10 05:17:58,133
192.168.162.75,192.168.252.128,2025-12-09 17:53:19,3910
192.168.221.232,192.168.172.73,2025-12-10 06:27:56,3671
192.168.38.90,192.168.76.242,2025-12-10 12:25:30,3218
192.168.21.252,192.168.101.233,2025-12-10 13:24:47,1761
192.168.68.243,192.168.107.112,2025-12-10 05:38:10,2874
192.168.146.75,192.168.253.233,2025-12-10 11:34:33,683
192.168.26.34,192.168.135.126,2025-12-10 04:15:49,2951
192.168.227.91,192.168.200.33,2025-12-09 21:50:32,3897
192.168.157.153,192.168.42.166,2025-12-09 18:37:49,2777
192.168.128.123,192.168.86.173,2025-12-10 07:16:06,154
192.168.76.124,192.168.21.224,2025-12-10 05:50:32,2936
192.168.148.64,192.168.55.170,2025-12-10 06:27:39,1716
192.168.58.63,192.168.71.249,2025-12-10 08:57:37,2825
192.168.112.47,192.168.49.217,2025-12-10 05:05:46,4450
192.168.100.127,192.168.194.97,2025-12-10 04:24:45,2649
192.168.115.152,192.168.104.25,2025-12-10 13:34:58,4120
192.168.205.243,192.168.183.65,2025-12-10 04:15:09,322
192.168.112.199,192.168.171.81,2025-12-09 17:05:30,1473
192.168.145.53,192.168.211.56,2025-12-10 12:44:45,1159
192.168.65.130,192.168.52.226,2025-12-10 10:16:41,3632
192.168.185.46,192.168.88.170,2025-12-09 17:09:56,3598
192.168.117.217,192.168.41.20,2025-12-10 07:27:33,2825
192.168.143.156,192.168.169.227,2025-12-09 15:14:06,4423
192.168.181.82,192.168.32.43,2025-12-10 07:18:44,2434
192.168.12.78,192.168.209.58,2025-12-10 00:55:57,3980
192.168.251.188,192.168.247.117,2025-12-10 04:08:55,4393
192.168.14.25,192.168.24.33,2025-12-10 01:48:12,3812
192.168.115.209,192.168.5.214,2025-12-09 21:04:07,4610
192.168.9.10,192.168.64.252,2025-12-10 13:09:15,587
192.168.141.70,192.168.169.83,2025-12-10 03:16:23,1539
192.168.48.41,192.168.31.117,2025-12-10 14:46:18,4256
192.168.44.17,192.168.126.179,2025-12-09 22:35:18,3559
192.168.12.48,192.168.253.122,2025-12-09 15:25:43,2397
192.168.55.58,192.168.174.160,2025-12-10 13:26:11,4379
192.168.184.133,192.168.145.239,2025-12-09 19:58:42,3414
192.168.149.73,192.168.109.47,2025-12-09 19:28:50,3257
192.168.226.137,192.168.138.178,2025-12-10 01:26:00,3553
192.168.2.170,192.168.236.197,2025-12-10 12:49:01,1447
192.168.184.41,192.168.169.174,2025-12-10 03:28:52,1633
192.168.176.75,192.168.113.25,2025-12-09 23:58:45,4731
192.168.113.214,192.168.196.117,2025-12-10 08:13:32,3422
192.168.227.218,192.168.20.14,2025-12-10 10:05:20,3027
192.168.75.180,192.168.159.78,2025-12-10 14:15:15,3745
192.168.18.21,192.168.24.42,2025-12-10 08:57:20,1287
192.168.42.228,192.168.54.241,2025-12-09 21:18:17,4286
192.168.134.187,192.168.66.173,2025-12-10 09:38:24,4248
192.168.135.192,192.168.22.140,2025-12-10 02:04:38,2267
192.168.148.31,192.168.189.87,2025-12-10 10:43:19,1106
192.168.68.187,192.168.169.188,2025-12-10 01:53:44,666
192.168.235.109,192.168.177.217,2025-12-09 22:40:05,146
192.168.2.67,192.168.173.46,2025-12-09 17:55:00,3775
192.168.147.243,192.168.93.95,2025-12-10 10:26:12,4507
192.168.234.106,192.168.100.83,2025-12-10 07:43:52,1613
192.168.135.148,192.168.97.170,2025-12-09 17:12:31,4915
192.168.23.97,192.168.20.57,2025-12-09 23:49:11,2999
192.168.42.201,192.168.244.105,2025-12-09 20:27:52,3884
192.168.227.199,192.168.158.162,2025-12-10 11:24:57,4172
192.168.128.12,192.168.117.70,2025-12-10 01:07:23,4943
192.168.166.50,192.168.66.111,2025-12-09 21:55:55,1880
192.168.240.244,192.168.102.79,2025-12-10 10:29:52,1759
192.168.89.19,192.168.1.86,2025-12-10 05:14:44,562
192.168.116.219,192.168.99.179,2025-12-09 23:32:19,2123
192.168.169.91,192.168.98.185,2025-12-10 13:43:25,1828
192.168.168.213,192.168.101.159,2025-12-09 18:45:21,2949
192.168.131.16,192.168.30.6,2025-12-09 17:05:13,4905
192.168.87.118,192.168.189.207,2025-12-10 11:32:54,3509
192.168.252.247,192.168.91.205,2025-12-10 11:14:26,1270
192.168.240.136,192.168.239.144,2025-12-09 17:15:02,606
192.168.64.230,192.168.33.3,2025-12-10 02:38:38,2592
192.168.57.129,192.168.250.139,2025-12-10 04:29:26,4325
192.168.75.68,192.168.93.9,2025-12-09 15:32:15,4685
192.168.81.138,192.168.41.11,2025-12-09 18:27:18,2989
192.168.147.157,192.168.136.26,2025-12-10 02:16:15,286
192.168.170.255,192.168.113.171,2025-12-10 08:47:46,351
192.168.20.240,192.168.218.88,2025-12-10 04:28:54,310
192.168.149.40,192.168.36.214,2025-12-10 08:02:24,383
192.168.234.32,192.168.70.233,2025-12-10 02:46:02,4160
192.168.199.156,192.168.205.43,2025-12-09 21:59:38,663
192.168.236.214,192.168.57.132,2025-12-09 20:25:34,4605
192.168.64.21,192.168.137.154,2025-12-09 19:54:14,1763
192.168.175.74,192.168.76.88,2025-12-09 22:33:59,4626
192.168.8.237,192.168.54.88,2025-12-10 07:44:56,4025
192.168.21.39,192.168.98.175,2025-12-10 08:01:03,2933
192.168.187.241,192.168.14.149,2025-12-09 23:26:16,2798
192.168.126.195,192.168.243.162,2025-12-10 02:52:44,1188
192.168.247.192,192.168.154.239,2025-12-09 16:48:07,4842
192.168.249.78,192.168.210.18,2025-12-09 23:23:03,274
192.168.156.226,192.168.178.193,2025-12-10 13:23:57,2056
192.168.223.133,192.168.76.125,2025-12-10 12:28:06,3311
192.168.67.137,192.168.208.237,2025-12-10 09:45:15,1136
192.168.130.42,192.168.210.98,2025-12-10 13:04:29,2613
192.168.231.212,192.168.194.212,2025-12-10 13:43:33,4530
192.168.62.219,192.168.55.213,2025-12-10 10:14:47,4395
192.168.189.120,192.168.24.218,2025-12-10 11:12:53,2135
192.168.122.3,192.168.113.212,2025-12-10 00:59:01,2250
192.168.239.167,192.168.15.237,2025-12-10 10:45:57,1926
192.168.250.186,192.168.236.222,2025-12-09 21:35:17,250
192.168.199.115,192.168.220.228,2025-12-09 21:21:14,4101
192.168.248.191,192.168.180.240,2025-12-10 09:58:15,518
192.168.91.62,192.168.50.244,2025-12-10 13:32:39,1547
192.168.148.196,192.168.179.76,2025-12-10 06:03:07,2667
192.168.26.112,192.168.45.43,2025-12-09 17:13:55,1348
192.168.9.142,192.168.82.141,2025-12-09 15:56:43,2123
192.168.114.35,192.168.39.69,2025-12-10 15:00:06,4746
192.168.79.122,192.168.20.147,2025-12-10 05:43:26,2863
192.168.57.254,192.168.12.81,2025-12-09 18:42:39,1546
192.168.41.216,192.168.152.35,2025-12-09 21:40:09,4980
192.168.51.244,192.168.96.71,2025-12-09 23:47:14,850
192.168.181.70,192.168.41.2,2025-12-10 14:55:59,858
192.168.1.64,192.168.103.242,2025-12-10 08:15:59,3024
192.168.134.239,192.168.231.129,2025-12-09 18:37:08,4407
192.168.237.185,192.168.89.203,2025-12-10 04:41:29,3918
192.168.146.110,192.168.118.185,2025-12-09 20:01:59,1381
192.168.84.215,192.168.98.115,2025-12-09 20:45:06,549
192.168.172.112,192.168.169.4,2025-12-10 12:55:13,2398
192.168.162.44,192.168.125.50,2025-12-10 07:07:29,3692
192.168.168.36,192.168.32.160,2025-12-09 21:37:05,4843
192.168.34.212,192.168.68.169,2025-12-09 16:24:42,671
192.168.93.59,192.168.177.42,2025-12-10 13:41:45,1511
192.168.110.72,192.168.118.248,2025-12-10 10:45:07,3326
192.168.109.80,192.168.10.19,2025-12-10 03:42:40,4324
192.168.251.115,192.168.207.49,2025-12-09 23:59:41,2851
192.168.201.135,192.168.158.101,2025-12-10 13:22:51,690
192.168.192.211,192.168.119.109,2025-12-09 19:28:06,694
192.168.168.227,192.168.146.195,2025-12-09 20:54:35,1418
192.168.142.16,192.168.150.90,2025-12-10 08:41:32,3905
192.168.142.167,192.168.59.245,2025-12-10 01:10:02,516
192.168.220.242,192.168.125.215,2025-12-10 12:26:14,1242
192.168.73.63,192.168.217.14,2025-12-10 03:06:02,1304
192.168.27.18,192.168.32.241,2025-12-10 04:46:52,692
192.168.221.237,192.168.67.7,2025-12-09 18:20:19,1547
192.168.58.209,192.168.22.77,2025-12-10 10:12:27,4570
192.168.185.219,192.168.225.63,2025-12-10 07:12:02,4164
192.168.218.237,192.168.226.170,2025-12-10 10:16:37,367
192.168.80.12,192.168.85.125,2025-12-09 16:53:05,1556
192.168.136.60,192.168.112.39,2025-12-09 15:15:04,1464
192.168.169.154,192.168.154.187,2025-12-09 20:37:18,2925
192.168.117.161,192.168.42.120,2025-12-09 17:58:32,2417
192.168.84.67,192.168.74.114,2025-12-10 05:47:52,4579
192.168.50.70,192.168.235.78,2025-12-09 20:21:42,4300
192.168.14.178,192.168.143.215,2025-12-10 11:13:10,3488
192.168.27.53,192.168.122.125,2025-12-10 03:30:04,446
192.168.170.209,192.168.251.189,2025-12-10 14:16:06,2938
192.168.182.29,192.168.141.55,2025-12-09 18:26:07,4893
192.168.23.198,192.168.240.127,2025-12-10 02:37:36,319
192.168.111.117,192.168.30.19,2025-12-09 19:33:59,2620
192.168.194.170,192.168.235.128,2025-12-10 04:59:16,2122
192.168.95.224,192.168.187.247,2025-12-10 00:01:36,3021
