source_ip,timestamp,anomaly_flag,diff_seconds
192.168.1.33,2025-12-10 01:40:12,0,0.0
192.168.1.35,2025-12-10 04:38:38,0,0.0
192.168.1.64,2025-12-10 08:15:59,0,0.0
192.168.1.94,2025-12-10 02:26:29,0,0.0
192.168.10.15,2025-12-10 10:52:21,0,0.0
192.168.10.155,2025-12-10 02:01:41,0,0.0
192.168.10.202,2025-12-09 19:37:34,0,0.0
192.168.10.4,2025-12-09 20:06:25,0,0.0
192.168.10.4,2025-12-10 08:26:06,0,44381.0
192.168.100.127,2025-12-10 04:24:45,0,0.0
192.168.100.22,2025-12-09 19:37:47,0,0.0
192.168.100.241,2025-12-09 19:43:45,0,0.0
192.168.100.35,2025-12-10 13:28:50,0,0.0
192.168.100.42,2025-12-10 04:18:31,0,0.0
192.168.100.64,2025-12-09 21:07:24,0,0.0
192.168.100.83,2025-12-09 16:01:21,0,0.0
192.168.101.152,2025-12-10 04:36:00,0,0.0
192.168.101.98,2025-12-09 22:18:04,0,0.0
192.168.102.1,2025-12-10 10:05:15,0,0.0
192.168.102.75,2025-12-10 06:56:54,0,0.0
192.168.103.168,2025-12-10 13:20:41,0,0.0
192.168.103.181,2025-12-09 15:33:08,0,0.0
192.168.103.200,2025-12-10 04:40:41,0,0.0
192.168.104.126,2025-12-10 02:58:28,0,0.0
192.168.104.133,2025-12-10 02:10:43,0,0.0
192.168.104.176,2025-12-09 21:07:39,0,0.0
192.168.104.224,2025-12-10 08:33:21,0,0.0
192.168.104.243,2025-12-10 08:55:32,1,0.0
192.168.104.75,2025-12-09 17:22:24,0,0.0
192.168.105.146,2025-12-09 22:53:24,0,0.0
192.168.105.165,2025-12-10 11:58:37,0,0.0
192.168.105.195,2025-12-10 07:37:24,0,0.0
192.168.105.238,2025-12-09 22:13:50,0,0.0
192.168.105.85,2025-12-09 20:09:26,0,0.0
192.168.106.118,2025-12-09 15:21:22,0,0.0
192.168.106.132,2025-12-09 21:24:34,0,0.0
192.168.106.212,2025-12-09 21:08:19,0,0.0
192.168.106.225,2025-12-09 22:53:31,0,0.0
192.168.106.232,2025-12-09 18:59:10,0,0.0
192.168.106.57,2025-12-09 19:06:10,0,0.0
192.168.107.142,2025-12-10 06:21:07,0,0.0
192.168.107.23,2025-12-10 01:46:18,0,0.0
192.168.108.242,2025-12-10 13:31:55,0,0.0
192.168.108.40,2025-12-10 05:44:46,0,0.0
192.168.108.47,2025-12-09 17:06:40,0,0.0
192.168.109.107,2025-12-09 16:49:47,0,0.0
192.168.109.13,2025-12-10 02:01:31,0,0.0
192.168.109.193,2025-12-09 15:44:58,0,0.0
192.168.109.22,2025-12-10 14:02:08,0,0.0
192.168.109.221,2025-12-10 14:28:35,0,0.0
192.168.109.80,2025-12-10 03:42:40,0,0.0
192.168.110.110,2025-12-09 16:22:23,0,0.0
192.168.110.132,2025-12-09 21:03:31,0,0.0
192.168.110.133,2025-12-09 18:01:04,1,0.0
192.168.110.72,2025-12-10 10:45:07,0,0.0
192.168.111.117,2025-12-09 19:33:59,0,0.0
192.168.111.73,2025-12-10 00:46:35,0,0.0
192.168.111.98,2025-12-09 18:21:07,0,0.0
192.168.112.121,2025-12-09 21:40:25,1,0.0
192.168.112.128,2025-12-10 08:04:38,0,0.0
192.168.112.153,2025-12-10 08:27:41,0,0.0
192.168.112.199,2025-12-09 17:05:30,0,0.0
192.168.112.254,2025-12-10 12:54:33,0,0.0
192.168.112.47,2025-12-10 05:05:46,0,0.0
192.168.113.198,2025-12-10 12:12:22,0,0.0
192.168.113.214,2025-12-10 08:13:32,0,0.0
192.168.113.240,2025-12-10 11:15:40,0,0.0
192.168.114.157,2025-12-10 13:10:57,0,0.0
192.168.114.178,2025-12-10 02:17:23,0,0.0
192.168.114.20,2025-12-09 18:16:57,0,0.0
192.168.114.33,2025-12-10 01:48:14,0,0.0
192.168.114.35,2025-12-10 15:00:06,1,0.0
192.168.114.55,2025-12-09 20:25:27,0,0.0
192.168.115.112,2025-12-09 15:54:36,0,0.0
192.168.115.152,2025-12-10 13:34:58,0,0.0
192.168.115.155,2025-12-09 19:43:10,0,0.0
192.168.115.184,2025-12-10 13:26:58,0,0.0
192.168.115.206,2025-12-09 15:45:55,0,0.0
192.168.115.209,2025-12-09 21:04:07,1,0.0
192.168.115.40,2025-12-10 10:49:54,0,0.0
192.168.116.219,2025-12-09 23:32:19,0,0.0
192.168.116.231,2025-12-09 19:46:33,0,0.0
192.168.116.26,2025-12-09 23:39:53,0,0.0
192.168.116.28,2025-12-09 17:01:30,1,0.0
192.168.116.49,2025-12-09 18:29:57,0,0.0
192.168.117.161,2025-12-09 17:58:32,0,0.0
192.168.117.194,2025-12-10 07:41:52,0,0.0
192.168.117.217,2025-12-10 07:27:33,0,0.0
192.168.117.224,2025-12-09 21:53:01,0,0.0
192.168.117.70,2025-12-10 10:13:26,0,0.0
192.168.118.15,2025-12-10 05:33:44,0,0.0
192.168.119.222,2025-12-09 18:14:39,0,0.0
192.168.119.80,2025-12-10 08:39:43,0,0.0
192.168.12.131,2025-12-10 14:12:49,0,0.0
192.168.12.15,2025-12-09 23:09:58,0,0.0
192.168.12.155,2025-12-10 07:43:13,0,0.0
192.168.12.183,2025-12-09 20:43:16,1,0.0
192.168.12.48,2025-12-09 15:25:43,0,0.0
192.168.12.64,2025-12-10 07:39:14,0,0.0
192.168.12.71,2025-12-10 14:44:22,0,0.0
192.168.12.78,2025-12-10 00:55:57,0,0.0
192.168.120.217,2025-12-09 16:22:48,0,0.0
192.168.121.108,2025-12-10 09:01:41,0,0.0
192.168.121.152,2025-12-09 23:18:01,0,0.0
192.168.121.61,2025-12-10 04:49:30,0,0.0
192.168.122.11,2025-12-09 17:18:54,0,0.0
192.168.122.120,2025-12-10 06:47:10,0,0.0
192.168.122.3,2025-12-10 00:59:01,0,0.0
192.168.123.174,2025-12-10 13:55:28,0,0.0
192.168.123.68,2025-12-10 07:22:40,0,0.0
192.168.124.237,2025-12-10 14:36:46,0,0.0
192.168.124.59,2025-12-10 08:53:08,0,0.0
192.168.125.66,2025-12-10 10:02:56,0,0.0
192.168.126.118,2025-12-09 15:53:16,0,0.0
192.168.126.188,2025-12-10 09:37:39,0,0.0
192.168.126.195,2025-12-10 02:52:44,0,0.0
192.168.126.220,2025-12-09 21:36:13,0,0.0
192.168.126.229,2025-12-10 09:14:09,0,0.0
192.168.126.83,2025-12-10 05:05:46,0,0.0
192.168.127.144,2025-12-10 09:48:43,0,0.0
192.168.127.17,2025-12-09 18:14:40,0,0.0
192.168.127.19,2025-12-10 00:38:22,0,0.0
192.168.127.219,2025-12-09 19:51:05,0,0.0
192.168.127.25,2025-12-10 06:54:36,0,0.0
192.168.127.49,2025-12-09 23:11:31,0,0.0
192.168.128.12,2025-12-10 01:07:23,1,0.0
192.168.128.123,2025-12-10 07:16:06,0,0.0
192.168.128.207,2025-12-10 01:35:04,0,0.0
192.168.128.47,2025-12-09 15:09:52,0,0.0
192.168.129.1,2025-12-09 20:59:17,0,0.0
192.168.13.235,2025-12-09 17:52:30,0,0.0
192.168.13.237,2025-12-10 13:24:03,0,0.0
192.168.130.246,2025-12-10 07:15:21,0,0.0
192.168.130.42,2025-12-10 13:04:29,0,0.0
192.168.131.111,2025-12-09 15:19:35,1,0.0
192.168.131.16,2025-12-09 17:05:13,1,0.0
192.168.131.25,2025-12-10 11:12:10,0,0.0
192.168.131.42,2025-12-10 03:23:26,1,0.0
192.168.132.185,2025-12-10 07:18:31,0,0.0
192.168.134.187,2025-12-10 09:38:24,0,0.0
192.168.134.239,2025-12-09 18:37:08,0,0.0
192.168.134.87,2025-12-10 12:15:31,0,0.0
192.168.134.9,2025-12-09 19:37:28,0,0.0
192.168.135.148,2025-12-09 17:12:31,1,0.0
192.168.135.191,2025-12-10 13:23:51,0,0.0
192.168.135.192,2025-12-10 02:04:38,0,0.0
192.168.135.241,2025-12-10 12:03:23,0,0.0
192.168.135.36,2025-12-10 01:17:13,0,0.0
192.168.136.129,2025-12-10 09:18:29,0,0.0
192.168.136.137,2025-12-09 22:26:13,0,0.0
192.168.136.237,2025-12-10 14:14:17,0,0.0
192.168.136.60,2025-12-09 15:15:04,0,0.0
192.168.137.164,2025-12-09 23:40:42,0,0.0
192.168.137.184,2025-12-10 09:51:33,0,0.0
192.168.137.203,2025-12-09 18:28:08,0,0.0
192.168.137.59,2025-12-09 19:28:06,1,0.0
192.168.138.116,2025-12-09 21:07:50,0,0.0
192.168.138.164,2025-12-10 14:36:41,0,0.0
192.168.139.167,2025-12-10 03:44:12,0,0.0
192.168.139.196,2025-12-10 04:05:16,0,0.0
192.168.139.224,2025-12-10 12:04:34,0,0.0
192.168.139.37,2025-12-10 06:34:03,0,0.0
192.168.14.178,2025-12-10 11:13:10,0,0.0
192.168.14.245,2025-12-10 13:35:32,0,0.0
192.168.14.247,2025-12-10 03:41:56,0,0.0
192.168.14.25,2025-12-10 01:48:12,0,0.0
192.168.14.67,2025-12-09 18:53:34,0,0.0
192.168.14.76,2025-12-10 07:55:10,0,0.0
192.168.140.15,2025-12-10 04:22:54,0,0.0
192.168.140.204,2025-12-10 11:18:47,0,0.0
192.168.140.215,2025-12-09 17:35:46,0,0.0
192.168.140.52,2025-12-09 21:59:06,0,0.0
192.168.141.10,2025-12-10 04:54:27,1,0.0
192.168.141.34,2025-12-09 15:46:46,0,0.0
192.168.141.70,2025-12-10 03:16:23,0,0.0
192.168.142.120,2025-12-09 19:53:45,0,0.0
192.168.142.16,2025-12-10 08:41:32,0,0.0
192.168.142.167,2025-12-10 01:10:02,0,0.0
192.168.142.218,2025-12-09 21:46:40,0,0.0
192.168.142.56,2025-12-09 16:37:05,0,0.0
192.168.142.58,2025-12-10 14:17:46,0,0.0
192.168.143.113,2025-12-10 01:17:52,0,0.0
192.168.143.156,2025-12-09 15:14:06,0,0.0
192.168.143.50,2025-12-10 03:24:43,0,0.0
192.168.144.101,2025-12-10 09:53:12,0,0.0
192.168.144.65,2025-12-10 04:28:27,0,0.0
192.168.144.7,2025-12-09 22:22:03,0,0.0
192.168.145.159,2025-12-09 15:05:15,0,0.0
192.168.145.195,2025-12-09 19:01:03,0,0.0
192.168.145.235,2025-12-10 11:02:18,0,0.0
192.168.145.255,2025-12-10 08:27:08,0,0.0
192.168.145.53,2025-12-10 12:44:45,0,0.0
192.168.145.64,2025-12-09 22:22:38,0,0.0
192.168.146.110,2025-12-09 20:01:59,0,0.0
192.168.146.132,2025-12-09 22:44:06,1,0.0
192.168.146.180,2025-12-10 05:18:31,1,0.0
192.168.146.186,2025-12-10 09:26:16,0,0.0
192.168.146.75,2025-12-10 11:34:33,0,0.0
192.168.147.10,2025-12-10 03:01:45,0,0.0
192.168.147.131,2025-12-10 09:32:22,0,0.0
192.168.147.157,2025-12-10 02:16:15,0,0.0
192.168.147.175,2025-12-10 11:43:55,1,0.0
192.168.147.187,2025-12-09 18:32:13,0,0.0
192.168.147.23,2025-12-10 04:20:35,1,0.0
192.168.147.243,2025-12-10 10:26:12,1,0.0
192.168.147.65,2025-12-09 21:07:12,0,0.0
192.168.148.133,2025-12-10 11:29:53,0,0.0
192.168.148.179,2025-12-10 01:30:48,0,0.0
192.168.148.196,2025-12-10 06:03:07,0,0.0
192.168.148.2,2025-12-09 16:37:36,0,0.0
192.168.148.2,2025-12-09 17:06:14,0,1718.0
192.168.148.31,2025-12-10 10:43:19,0,0.0
192.168.148.64,2025-12-10 06:27:39,0,0.0
192.168.148.79,2025-12-10 07:18:56,0,0.0
192.168.149.209,2025-12-10 03:51:36,0,0.0
192.168.149.245,2025-12-09 20:28:12,0,0.0
192.168.149.40,2025-12-10 08:02:24,0,0.0
192.168.149.5,2025-12-10 04:31:10,1,0.0
192.168.149.73,2025-12-09 19:28:50,0,0.0
192.168.149.79,2025-12-09 18:08:17,1,0.0
192.168.149.89,2025-12-10 04:24:33,0,0.0
192.168.15.148,2025-12-10 04:38:43,0,0.0
192.168.150.177,2025-12-10 11:50:28,1,0.0
192.168.151.215,2025-12-10 10:46:15,1,0.0
192.168.151.217,2025-12-09 22:37:32,0,0.0
192.168.151.23,2025-12-10 04:14:27,0,0.0
192.168.152.111,2025-12-09 22:06:26,0,0.0
192.168.152.14,2025-12-09 19:51:56,0,0.0
192.168.152.209,2025-12-09 20:32:16,0,0.0
192.168.152.218,2025-12-09 16:22:26,0,0.0
192.168.152.97,2025-12-10 03:10:30,0,0.0
192.168.153.225,2025-12-10 01:33:30,0,0.0
192.168.154.118,2025-12-09 16:43:35,0,0.0
192.168.154.25,2025-12-09 19:41:34,0,0.0
192.168.154.255,2025-12-09 18:41:16,0,0.0
192.168.155.197,2025-12-10 01:44:12,0,0.0
192.168.156.120,2025-12-10 06:53:58,0,0.0
192.168.156.223,2025-12-09 18:17:39,0,0.0
192.168.156.226,2025-12-10 13:23:57,0,0.0
192.168.156.23,2025-12-10 01:39:54,0,0.0
192.168.156.231,2025-12-10 00:08:00,0,0.0
192.168.156.58,2025-12-10 02:06:02,0,0.0
192.168.156.90,2025-12-10 04:34:26,1,0.0
192.168.157.103,2025-12-09 15:22:30,0,0.0
192.168.157.153,2025-12-09 18:37:49,0,0.0
192.168.158.10,2025-12-09 21:56:47,0,0.0
192.168.158.108,2025-12-10 07:21:26,0,0.0
192.168.158.172,2025-12-09 15:14:05,0,0.0
192.168.158.248,2025-12-10 14:38:46,0,0.0
192.168.159.107,2025-12-09 16:08:20,0,0.0
192.168.159.18,2025-12-10 13:01:14,0,0.0
192.168.159.225,2025-12-10 09:18:14,0,0.0
192.168.159.6,2025-12-09 21:50:56,0,0.0
192.168.16.116,2025-12-09 15:44:45,1,0.0
192.168.16.162,2025-12-10 12:57:56,0,0.0
192.168.16.57,2025-12-09 17:30:15,0,0.0
192.168.160.142,2025-12-10 07:56:19,0,0.0
192.168.160.177,2025-12-10 01:41:27,0,0.0
192.168.160.49,2025-12-10 03:47:33,0,0.0
192.168.161.121,2025-12-09 22:04:51,0,0.0
192.168.161.175,2025-12-10 07:59:45,0,0.0
192.168.161.205,2025-12-10 14:27:33,0,0.0
192.168.161.60,2025-12-09 17:12:16,0,0.0
192.168.161.77,2025-12-09 20:52:57,0,0.0
192.168.162.116,2025-12-10 12:05:17,0,0.0
192.168.162.20,2025-12-10 04:15:01,0,0.0
192.168.162.208,2025-12-10 07:24:26,0,0.0
192.168.162.44,2025-12-10 07:07:29,0,0.0
192.168.162.75,2025-12-09 17:53:19,0,0.0
192.168.163.103,2025-12-10 03:58:08,0,0.0
192.168.163.248,2025-12-10 07:39:03,0,0.0
192.168.163.7,2025-12-09 21:13:19,0,0.0
192.168.163.86,2025-12-09 15:41:39,1,0.0
192.168.164.143,2025-12-10 10:41:08,0,0.0
192.168.164.169,2025-12-09 21:54:08,0,0.0
192.168.164.2,2025-12-09 17:48:46,0,0.0
192.168.164.63,2025-12-09 22:09:46,1,0.0
192.168.165.188,2025-12-09 22:38:42,0,0.0
192.168.165.91,2025-12-10 12:17:24,0,0.0
192.168.166.186,2025-12-09 15:29:03,0,0.0
192.168.166.186,2025-12-09 21:25:23,0,21380.0
192.168.166.201,2025-12-10 04:12:00,0,0.0
192.168.166.50,2025-12-09 21:55:55,0,0.0
192.168.166.54,2025-12-09 16:09:23,0,0.0
192.168.166.95,2025-12-09 21:49:01,0,0.0
192.168.167.133,2025-12-10 09:21:58,0,0.0
192.168.167.135,2025-12-09 15:55:33,0,0.0
192.168.167.6,2025-12-10 00:10:30,0,0.0
192.168.168.160,2025-12-09 23:56:27,0,0.0
192.168.168.180,2025-12-10 12:13:54,0,0.0
192.168.168.213,2025-12-09 18:45:21,0,0.0
192.168.168.227,2025-12-09 20:54:35,0,0.0
192.168.168.36,2025-12-09 21:37:05,1,0.0
192.168.168.50,2025-12-09 17:46:51,0,0.0
192.168.169.154,2025-12-09 20:37:18,0,0.0
192.168.169.157,2025-12-10 07:49:03,0,0.0
192.168.169.201,2025-12-09 20:15:09,0,0.0
192.168.169.254,2025-12-10 00:05:52,0,0.0
192.168.169.91,2025-12-10 13:43:25,0,0.0
192.168.17.142,2025-12-09 19:14:51,0,0.0
192.168.17.143,2025-12-10 08:17:01,0,0.0
192.168.17.167,2025-12-09 23:09:34,1,0.0
192.168.17.215,2025-12-10 08:14:31,0,0.0
192.168.17.239,2025-12-09 23:43:01,0,0.0
192.168.17.28,2025-12-10 13:04:50,0,0.0
192.168.17.46,2025-12-10 06:28:16,0,0.0
192.168.17.97,2025-12-10 10:22:46,0,0.0
192.168.170.209,2025-12-10 14:16:06,0,0.0
192.168.170.255,2025-12-10 08:47:46,0,0.0
192.168.170.57,2025-12-10 10:33:19,0,0.0
192.168.170.70,2025-12-10 00:35:31,0,0.0
192.168.171.126,2025-12-10 05:53:36,0,0.0
192.168.171.28,2025-12-10 11:42:30,0,0.0
192.168.171.83,2025-12-10 00:05:58,0,0.0
192.168.171.96,2025-12-09 20:12:14,0,0.0
192.168.172.112,2025-12-10 12:55:13,0,0.0
192.168.172.79,2025-12-10 03:16:20,0,0.0
192.168.173.103,2025-12-10 11:18:29,0,0.0
192.168.173.111,2025-12-09 22:32:38,0,0.0
192.168.173.138,2025-12-09 15:46:05,0,0.0
192.168.173.143,2025-12-09 22:54:28,0,0.0
192.168.173.169,2025-12-10 11:17:54,0,0.0
192.168.173.17,2025-12-10 11:49:51,0,0.0
192.168.173.216,2025-12-09 21:44:15,0,0.0
192.168.173.78,2025-12-10 14:21:34,0,0.0
192.168.174.203,2025-12-10 06:19:13,0,0.0
192.168.174.43,2025-12-09 19:50:42,0,0.0
192.168.174.71,2025-12-09 18:26:59,0,0.0
192.168.175.50,2025-12-10 13:48:37,0,0.0
192.168.175.65,2025-12-10 07:02:49,1,0.0
192.168.175.74,2025-12-09 22:33:59,1,0.0
192.168.176.50,2025-12-09 17:04:09,0,0.0
192.168.176.67,2025-12-10 01:47:01,1,0.0
192.168.176.75,2025-12-09 23:58:45,1,0.0
192.168.177.200,2025-12-10 11:45:15,0,0.0
192.168.177.227,2025-12-10 05:54:05,0,0.0
192.168.178.133,2025-12-09 20:29:41,0,0.0
192.168.178.69,2025-12-10 04:53:17,0,0.0
192.168.179.100,2025-12-09 15:46:50,0,0.0
192.168.179.114,2025-12-09 15:35:23,0,0.0
192.168.179.123,2025-12-10 11:33:17,0,0.0
192.168.179.133,2025-12-10 13:12:14,0,0.0
192.168.179.168,2025-12-09 18:11:10,0,0.0
192.168.179.232,2025-12-10 10:29:22,0,0.0
192.168.179.36,2025-12-10 09:17:44,0,0.0
192.168.179.57,2025-12-10 14:43:40,0,0.0
192.168.179.97,2025-12-09 22:35:50,0,0.0
192.168.18.102,2025-12-10 06:09:40,0,0.0
192.168.18.21,2025-12-10 08:57:20,0,0.0
192.168.18.226,2025-12-09 15:33:25,0,0.0
192.168.18.23,2025-12-09 16:45:05,0,0.0
192.168.18.9,2025-12-09 20:05:15,0,0.0
192.168.180.99,2025-12-09 20:24:53,0,0.0
192.168.181.102,2025-12-10 09:41:50,0,0.0
192.168.181.124,2025-12-10 14:10:33,0,0.0
192.168.181.133,2025-12-10 02:17:36,0,0.0
192.168.181.70,2025-12-10 14:55:59,0,0.0
192.168.181.82,2025-12-10 07:18:44,0,0.0
192.168.182.216,2025-12-10 10:01:34,0,0.0
192.168.182.29,2025-12-09 18:26:07,1,0.0
192.168.182.39,2025-12-10 14:32:40,0,0.0
192.168.182.59,2025-12-10 06:56:33,0,0.0
192.168.182.84,2025-12-10 07:25:45,0,0.0
192.168.182.99,2025-12-09 19:36:35,0,0.0
192.168.183.104,2025-12-09 16:41:27,0,0.0
192.168.183.197,2025-12-10 02:06:15,0,0.0
192.168.183.55,2025-12-10 13:35:58,0,0.0
192.168.183.62,2025-12-10 09:09:28,0,0.0
192.168.184.120,2025-12-10 11:22:51,0,0.0
192.168.184.133,2025-12-09 19:58:42,0,0.0
192.168.184.148,2025-12-10 03:26:52,0,0.0
192.168.184.217,2025-12-10 14:16:21,0,0.0
192.168.184.242,2025-12-10 02:37:33,0,0.0
192.168.184.41,2025-12-10 03:28:52,0,0.0
192.168.184.59,2025-12-10 11:10:30,0,0.0
192.168.184.82,2025-12-10 03:00:12,0,0.0
192.168.184.98,2025-12-09 16:05:47,0,0.0
192.168.185.128,2025-12-10 11:04:46,0,0.0
192.168.185.219,2025-12-10 07:12:02,0,0.0
192.168.185.248,2025-12-10 07:41:32,0,0.0
192.168.185.46,2025-12-09 17:09:56,0,0.0
192.168.185.51,2025-12-10 05:00:00,0,0.0
192.168.186.110,2025-12-09 19:06:47,0,0.0
192.168.186.198,2025-12-10 06:09:35,0,0.0
192.168.186.213,2025-12-10 02:28:56,0,0.0
192.168.186.53,2025-12-10 07:24:12,0,0.0
192.168.187.202,2025-12-10 12:12:31,0,0.0
192.168.187.230,2025-12-09 20:54:04,0,0.0
192.168.187.241,2025-12-09 23:26:16,0,0.0
192.168.187.75,2025-12-10 13:39:44,0,0.0
192.168.188.239,2025-12-09 16:45:03,0,0.0
192.168.188.240,2025-12-10 09:55:34,0,0.0
192.168.189.12,2025-12-09 18:29:38,0,0.0
192.168.189.120,2025-12-10 11:12:53,0,0.0
192.168.189.174,2025-12-09 15:06:37,0,0.0
192.168.189.196,2025-12-10 06:25:34,0,0.0
192.168.189.238,2025-12-09 19:39:32,0,0.0
192.168.19.153,2025-12-10 01:08:52,0,0.0
192.168.19.19,2025-12-10 04:55:21,0,0.0
192.168.19.243,2025-12-10 07:23:13,0,0.0
192.168.19.27,2025-12-10 02:46:27,0,0.0
192.168.19.80,2025-12-10 02:11:41,0,0.0
192.168.190.140,2025-12-09 19:28:55,0,0.0
192.168.190.151,2025-12-09 23:54:38,0,0.0
192.168.190.247,2025-12-10 04:11:36,0,0.0
192.168.190.80,2025-12-09 19:29:00,0,0.0
192.168.191.174,2025-12-09 20:45:32,0,0.0
192.168.192.123,2025-12-09 16:04:58,0,0.0
192.168.192.211,2025-12-09 19:28:06,0,0.0
192.168.192.227,2025-12-10 10:27:05,1,0.0
192.168.193.15,2025-12-09 23:50:35,0,0.0
192.168.193.50,2025-12-10 01:51:25,0,0.0
192.168.194.170,2025-12-10 04:59:16,0,0.0
192.168.194.241,2025-12-10 07:53:03,0,0.0
192.168.194.88,2025-12-10 00:40:22,0,0.0
192.168.195.153,2025-12-09 21:19:35,0,0.0
192.168.195.75,2025-12-10 12:34:09,0,0.0
192.168.196.146,2025-12-09 15:23:32,0,0.0
192.168.196.231,2025-12-09 18:15:01,0,0.0
192.168.196.26,2025-12-10 11:03:26,0,0.0
192.168.197.138,2025-12-10 00:07:19,0,0.0
192.168.197.201,2025-12-09 18:05:44,0,0.0
192.168.197.253,2025-12-10 14:51:05,0,0.0
192.168.198.81,2025-12-09 19:13:11,0,0.0
192.168.199.115,2025-12-09 21:21:14,0,0.0
192.168.199.156,2025-12-09 21:59:38,0,0.0
192.168.199.178,2025-12-09 22:12:39,0,0.0
192.168.199.181,2025-12-10 15:04:55,0,0.0
192.168.2.170,2025-12-10 12:49:01,0,0.0
192.168.2.64,2025-12-10 00:26:57,0,0.0
192.168.2.67,2025-12-09 17:55:00,0,0.0
192.168.2.87,2025-12-09 20:41:11,0,0.0
192.168.20.131,2025-12-10 11:03:07,0,0.0
192.168.20.143,2025-12-10 13:12:39,0,0.0
192.168.20.20,2025-12-10 13:50:45,0,0.0
192.168.20.21,2025-12-10 00:22:40,1,0.0
192.168.20.240,2025-12-10 04:28:54,0,0.0
192.168.20.29,2025-12-09 22:55:19,0,0.0
192.168.20.40,2025-12-10 07:21:43,0,0.0
192.168.20.87,2025-12-10 00:16:35,0,0.0
192.168.20.91,2025-12-10 10:13:33,0,0.0
192.168.200.111,2025-12-10 09:24:42,1,0.0
192.168.200.76,2025-12-10 00:51:50,0,0.0
192.168.200.79,2025-12-10 04:26:56,0,0.0
192.168.200.83,2025-12-09 16:15:18,0,0.0
192.168.201.135,2025-12-10 13:22:51,0,0.0
192.168.201.250,2025-12-09 19:29:48,1,0.0
192.168.201.27,2025-12-10 08:02:07,0,0.0
192.168.201.31,2025-12-10 10:46:20,0,0.0
192.168.201.61,2025-12-10 00:17:10,0,0.0
192.168.202.166,2025-12-10 05:44:03,0,0.0
192.168.203.233,2025-12-10 05:53:14,0,0.0
192.168.203.45,2025-12-10 01:00:28,0,0.0
192.168.204.125,2025-12-10 07:25:03,0,0.0
192.168.204.149,2025-12-09 17:49:48,0,0.0
192.168.204.166,2025-12-10 12:13:17,1,0.0
192.168.204.58,2025-12-09 21:29:48,0,0.0
192.168.205.16,2025-12-09 23:43:40,0,0.0
192.168.205.209,2025-12-09 16:18:28,0,0.0
192.168.205.234,2025-12-10 07:28:08,0,0.0
192.168.205.243,2025-12-10 04:15:09,0,0.0
192.168.206.136,2025-12-09 20:42:46,0,0.0
192.168.206.37,2025-12-10 01:57:02,0,0.0
192.168.206.88,2025-12-09 22:02:45,0,0.0
192.168.207.104,2025-12-09 16:31:46,0,0.0
192.168.207.182,2025-12-09 19:14:39,0,0.0
192.168.207.64,2025-12-10 06:14:16,0,0.0
192.168.208.103,2025-12-10 00:16:25,0,0.0
192.168.208.115,2025-12-10 11:26:59,0,0.0
192.168.208.4,2025-12-10 04:13:24,0,0.0
192.168.208.56,2025-12-09 19:37:05,0,0.0
192.168.209.109,2025-12-09 22:46:03,0,0.0
192.168.209.13,2025-12-10 03:01:45,0,0.0
192.168.209.164,2025-12-10 04:50:38,0,0.0
192.168.209.185,2025-12-10 14:18:06,1,0.0
192.168.209.200,2025-12-09 20:33:47,0,0.0
192.168.209.227,2025-12-09 21:43:10,0,0.0
192.168.21.134,2025-12-09 23:35:53,0,0.0
192.168.21.138,2025-12-09 23:45:06,0,0.0
192.168.21.204,2025-12-09 19:47:37,0,0.0
192.168.21.252,2025-12-10 13:24:47,0,0.0
192.168.21.3,2025-12-10 12:13:47,0,0.0
192.168.21.39,2025-12-10 08:01:03,0,0.0
192.168.21.80,2025-12-10 13:38:36,0,0.0
192.168.21.90,2025-12-10 02:05:55,0,0.0
192.168.210.224,2025-12-10 05:24:16,0,0.0
192.168.211.151,2025-12-10 01:31:57,0,0.0
192.168.211.67,2025-12-10 12:02:19,0,0.0
192.168.213.138,2025-12-10 08:59:48,0,0.0
192.168.214.108,2025-12-09 19:49:40,0,0.0
192.168.214.139,2025-12-09 19:11:59,0,0.0
192.168.214.14,2025-12-09 16:35:18,0,0.0
192.168.214.154,2025-12-09 15:31:49,0,0.0
192.168.214.204,2025-12-10 02:09:34,0,0.0
192.168.214.207,2025-12-10 00:08:51,0,0.0
192.168.214.70,2025-12-09 19:16:53,0,0.0
192.168.215.128,2025-12-10 08:15:25,0,0.0
192.168.215.138,2025-12-10 10:12:28,0,0.0
192.168.215.177,2025-12-10 03:03:40,0,0.0
192.168.215.99,2025-12-09 17:37:20,0,0.0
192.168.216.222,2025-12-09 23:17:25,0,0.0
192.168.216.243,2025-12-09 20:11:56,0,0.0
192.168.216.33,2025-12-10 13:28:44,0,0.0
192.168.216.37,2025-12-09 21:12:31,0,0.0
192.168.216.69,2025-12-09 20:44:10,0,0.0
192.168.217.102,2025-12-10 13:44:50,0,0.0
192.168.217.165,2025-12-09 22:25:38,0,0.0
192.168.218.100,2025-12-10 03:50:14,0,0.0
192.168.218.112,2025-12-09 22:11:29,0,0.0
192.168.218.237,2025-12-10 10:16:37,0,0.0
192.168.218.69,2025-12-10 07:24:24,0,0.0
192.168.219.180,2025-12-10 01:09:15,0,0.0
192.168.219.19,2025-12-09 18:06:50,0,0.0
192.168.219.88,2025-12-10 00:29:18,0,0.0
192.168.22.133,2025-12-09 20:55:30,1,0.0
192.168.22.236,2025-12-10 09:13:15,0,0.0
192.168.22.71,2025-12-10 01:58:50,0,0.0
192.168.220.192,2025-12-10 06:09:26,0,0.0
192.168.220.215,2025-12-10 02:35:19,0,0.0
192.168.220.242,2025-12-10 12:26:14,0,0.0
192.168.220.32,2025-12-09 18:37:43,0,0.0
192.168.221.128,2025-12-09 23:01:07,0,0.0
192.168.221.137,2025-12-10 11:43:12,0,0.0
192.168.221.15,2025-12-10 08:16:57,0,0.0
192.168.221.232,2025-12-10 06:27:56,0,0.0
192.168.221.237,2025-12-09 18:20:19,0,0.0
192.168.221.251,2025-12-10 06:27:20,0,0.0
192.168.222.149,2025-12-09 23:51:08,0,0.0
192.168.222.175,2025-12-09 19:09:52,0,0.0
192.168.222.187,2025-12-09 20:25:40,0,0.0
192.168.222.207,2025-12-10 11:17:43,0,0.0
192.168.222.62,2025-12-09 20:17:11,0,0.0
192.168.223.133,2025-12-10 12:22:04,0,0.0
192.168.223.133,2025-12-10 12:28:06,0,362.0
192.168.223.141,2025-12-10 04:12:12,0,0.0
192.168.223.143,2025-12-10 13:31:05,0,0.0
192.168.223.147,2025-12-09 17:14:15,0,0.0
192.168.223.159,2025-12-10 07:15:56,1,0.0
192.168.223.170,2025-12-10 00:00:44,0,0.0
192.168.223.213,2025-12-09 15:58:21,0,0.0
192.168.223.53,2025-12-10 04:58:13,0,0.0
192.168.224.133,2025-12-09 21:23:08,0,0.0
192.168.224.141,2025-12-10 03:25:59,0,0.0
192.168.224.174,2025-12-09 20:51:43,0,0.0
192.168.224.186,2025-12-09 21:15:46,0,0.0
192.168.225.140,2025-12-10 07:52:05,0,0.0
192.168.225.35,2025-12-09 16:02:04,0,0.0
192.168.225.52,2025-12-09 17:36:18,0,0.0
192.168.226.113,2025-12-10 11:00:59,0,0.0
192.168.226.124,2025-12-09 22:26:07,0,0.0
192.168.226.130,2025-12-10 01:52:27,1,0.0
192.168.226.136,2025-12-09 16:29:05,1,0.0
192.168.226.137,2025-12-10 01:26:00,0,0.0
192.168.226.155,2025-12-10 07:09:48,0,0.0
192.168.226.180,2025-12-10 03:47:05,0,0.0
192.168.226.207,2025-12-10 02:40:42,0,0.0
192.168.226.43,2025-12-10 06:11:08,0,0.0
192.168.227.109,2025-12-10 08:01:03,0,0.0
192.168.227.167,2025-12-10 14:49:28,0,0.0
192.168.227.199,2025-12-10 11:24:57,0,0.0
192.168.227.216,2025-12-09 21:03:00,0,0.0
192.168.227.218,2025-12-10 10:05:20,0,0.0
192.168.227.238,2025-12-10 04:31:42,0,0.0
192.168.227.91,2025-12-09 21:50:32,0,0.0
192.168.228.228,2025-12-10 10:19:54,0,0.0
192.168.229.103,2025-12-09 15:48:22,0,0.0
192.168.229.146,2025-12-10 09:28:29,0,0.0
192.168.229.163,2025-12-09 15:54:25,0,0.0
192.168.229.177,2025-12-09 23:01:35,1,0.0
192.168.229.24,2025-12-09 19:02:20,0,0.0
192.168.23.138,2025-12-10 06:18:35,0,0.0
192.168.23.148,2025-12-10 05:10:03,0,0.0
192.168.23.198,2025-12-10 02:37:36,0,0.0
192.168.23.233,2025-12-10 01:10:41,1,0.0
192.168.23.243,2025-12-10 02:10:08,0,0.0
192.168.23.79,2025-12-10 14:55:49,0,0.0
192.168.23.97,2025-12-09 23:49:11,0,0.0
192.168.230.253,2025-12-09 15:37:50,0,0.0
192.168.231.106,2025-12-10 01:45:23,0,0.0
192.168.231.198,2025-12-10 09:26:05,0,0.0
192.168.231.212,2025-12-10 13:43:33,1,0.0
192.168.231.3,2025-12-09 19:32:50,0,0.0
192.168.231.34,2025-12-09 23:40:54,0,0.0
192.168.231.44,2025-12-09 18:33:45,1,0.0
192.168.231.99,2025-12-10 06:59:10,1,0.0
192.168.232.252,2025-12-09 19:56:07,0,0.0
192.168.232.49,2025-12-09 19:01:55,0,0.0
192.168.232.50,2025-12-10 01:16:45,0,0.0
192.168.232.62,2025-12-09 21:35:20,0,0.0
192.168.233.167,2025-12-10 06:34:53,0,0.0
192.168.233.44,2025-12-09 20:34:00,0,0.0
192.168.234.106,2025-12-10 07:43:52,0,0.0
192.168.234.177,2025-12-10 14:55:36,0,0.0
192.168.234.229,2025-12-10 00:38:08,0,0.0
192.168.234.32,2025-12-10 02:46:02,0,0.0
192.168.235.109,2025-12-09 22:40:05,0,0.0
192.168.235.139,2025-12-10 01:54:19,0,0.0
192.168.236.208,2025-12-10 02:25:14,0,0.0
192.168.236.214,2025-12-09 20:25:34,1,0.0
192.168.236.49,2025-12-10 14:08:20,0,0.0
192.168.237.107,2025-12-09 22:17:27,1,0.0
192.168.237.110,2025-12-10 04:45:16,0,0.0
192.168.237.141,2025-12-09 20:58:47,0,0.0
192.168.237.185,2025-12-10 04:41:29,0,0.0
192.168.237.218,2025-12-09 17:49:27,0,0.0
192.168.237.26,2025-12-10 02:28:15,0,0.0
192.168.239.167,2025-12-10 10:45:57,0,0.0
192.168.239.251,2025-12-10 00:25:56,0,0.0
192.168.24.158,2025-12-10 03:34:51,0,0.0
192.168.240.136,2025-12-09 17:15:02,0,0.0
192.168.240.187,2025-12-10 03:05:25,0,0.0
192.168.240.233,2025-12-09 22:51:48,0,0.0
192.168.240.244,2025-12-10 10:29:52,0,0.0
192.168.240.248,2025-12-09 21:06:59,0,0.0
192.168.240.78,2025-12-10 11:27:43,1,0.0
192.168.240.79,2025-12-09 18:39:28,0,0.0
192.168.241.31,2025-12-10 12:02:06,0,0.0
192.168.241.59,2025-12-10 12:28:48,0,0.0
192.168.242.108,2025-12-10 14:21:29,0,0.0
192.168.242.117,2025-12-09 23:08:18,1,0.0
192.168.242.127,2025-12-10 12:26:13,0,0.0
192.168.242.236,2025-12-10 07:07:03,0,0.0
192.168.242.249,2025-12-10 11:25:41,0,0.0
192.168.242.77,2025-12-10 13:15:34,0,0.0
192.168.243.119,2025-12-09 15:10:20,0,0.0
192.168.243.186,2025-12-10 04:30:55,0,0.0
192.168.243.206,2025-12-10 14:50:44,0,0.0
192.168.243.97,2025-12-10 04:30:46,0,0.0
192.168.244.136,2025-12-09 20:24:46,0,0.0
192.168.244.151,2025-12-09 20:35:38,0,0.0
192.168.244.189,2025-12-10 14:35:24,0,0.0
192.168.244.26,2025-12-10 10:36:48,1,0.0
192.168.244.76,2025-12-10 11:33:56,0,0.0
192.168.244.99,2025-12-10 11:32:23,0,0.0
192.168.245.153,2025-12-10 05:45:47,0,0.0
192.168.245.158,2025-12-09 19:53:31,0,0.0
192.168.245.4,2025-12-10 12:11:07,0,0.0
192.168.246.110,2025-12-09 23:26:16,1,0.0
192.168.246.240,2025-12-10 12:14:36,0,0.0
192.168.247.192,2025-12-09 16:48:07,1,0.0
192.168.248.124,2025-12-09 15:46:32,0,0.0
192.168.248.135,2025-12-10 08:21:43,0,0.0
192.168.248.191,2025-12-10 09:58:15,0,0.0
192.168.249.186,2025-12-09 20:25:26,0,0.0
192.168.249.206,2025-12-09 22:41:59,1,0.0
192.168.249.45,2025-12-10 05:17:58,0,0.0
192.168.249.78,2025-12-09 23:23:03,0,0.0
192.168.25.119,2025-12-10 03:01:52,0,0.0
192.168.25.12,2025-12-10 07:57:40,0,0.0
192.168.25.133,2025-12-10 10:35:00,1,0.0
192.168.25.163,2025-12-09 15:27:37,0,0.0
192.168.25.8,2025-12-09 19:41:37,0,0.0
192.168.250.164,2025-12-10 09:46:57,0,0.0
192.168.250.166,2025-12-10 06:31:45,0,0.0
192.168.250.186,2025-12-09 21:35:17,0,0.0
192.168.250.223,2025-12-09 23:54:33,0,0.0
192.168.250.245,2025-12-10 11:22:03,0,0.0
192.168.251.115,2025-12-09 23:59:41,0,0.0
192.168.251.129,2025-12-10 06:16:27,0,0.0
192.168.251.188,2025-12-10 04:08:55,0,0.0
192.168.251.244,2025-12-10 08:02:56,0,0.0
192.168.252.141,2025-12-09 20:37:14,0,0.0
192.168.252.204,2025-12-09 19:41:13,0,0.0
192.168.252.247,2025-12-10 11:14:26,0,0.0
192.168.253.113,2025-12-10 08:46:36,0,0.0
192.168.253.150,2025-12-10 06:17:22,1,0.0
192.168.253.172,2025-12-10 05:57:10,0,0.0
192.168.253.215,2025-12-09 23:50:15,0,0.0
192.168.254.142,2025-12-09 20:45:22,0,0.0
192.168.254.35,2025-12-09 19:13:17,0,0.0
192.168.255.100,2025-12-10 14:24:37,0,0.0
192.168.255.203,2025-12-10 11:05:06,0,0.0
192.168.255.240,2025-12-09 20:45:16,0,0.0
192.168.255.76,2025-12-10 02:55:47,0,0.0
192.168.26.110,2025-12-10 01:28:06,0,0.0
192.168.26.112,2025-12-09 17:13:55,0,0.0
192.168.26.167,2025-12-10 01:33:43,0,0.0
192.168.26.187,2025-12-10 00:54:02,0,0.0
192.168.26.189,2025-12-10 08:50:44,0,0.0
192.168.26.34,2025-12-10 04:15:49,0,0.0
192.168.26.56,2025-12-10 00:50:33,0,0.0
192.168.26.82,2025-12-10 11:54:21,0,0.0
192.168.26.85,2025-12-10 05:43:28,0,0.0
192.168.26.87,2025-12-09 15:38:40,0,0.0
192.168.27.18,2025-12-10 04:46:52,0,0.0
192.168.27.204,2025-12-10 04:12:40,0,0.0
192.168.27.5,2025-12-10 12:27:40,0,0.0
192.168.27.53,2025-12-10 03:30:04,0,0.0
192.168.27.76,2025-12-10 11:55:11,1,0.0
192.168.27.91,2025-12-09 18:56:45,0,0.0
192.168.28.119,2025-12-10 05:46:10,0,0.0
192.168.28.181,2025-12-09 20:11:37,1,0.0
192.168.28.25,2025-12-09 19:09:22,0,0.0
192.168.29.115,2025-12-09 17:20:44,0,0.0
192.168.29.132,2025-12-09 17:41:03,1,0.0
192.168.29.135,2025-12-09 20:56:24,0,0.0
192.168.29.89,2025-12-10 09:53:19,0,0.0
192.168.3.33,2025-12-10 01:06:29,0,0.0
192.168.30.103,2025-12-09 22:47:44,0,0.0
192.168.30.112,2025-12-10 02:09:56,0,0.0
192.168.30.172,2025-12-09 23:06:03,0,0.0
192.168.30.208,2025-12-09 16:21:30,0,0.0
192.168.30.27,2025-12-10 02:36:52,0,0.0
192.168.31.164,2025-12-09 23:06:49,0,0.0
192.168.32.13,2025-12-10 10:57:13,0,0.0
192.168.32.132,2025-12-10 03:05:46,0,0.0
192.168.32.133,2025-12-09 15:22:05,0,0.0
192.168.32.150,2025-12-09 20:37:23,0,0.0
192.168.32.239,2025-12-10 02:09:21,1,0.0
192.168.32.74,2025-12-09 23:39:12,1,0.0
192.168.33.188,2025-12-09 20:46:05,0,0.0
192.168.34.113,2025-12-10 09:58:54,0,0.0
192.168.34.168,2025-12-09 22:25:58,1,0.0
192.168.34.211,2025-12-09 21:07:27,0,0.0
192.168.34.212,2025-12-09 16:24:42,0,0.0
192.168.35.12,2025-12-09 19:19:02,0,0.0
192.168.35.144,2025-12-10 14:56:39,0,0.0
192.168.35.154,2025-12-09 16:53:45,0,0.0
192.168.35.162,2025-12-09 18:21:02,0,0.0
192.168.35.232,2025-12-10 08:05:15,0,0.0
192.168.35.249,2025-12-10 06:46:40,0,0.0
192.168.36.15,2025-12-10 02:16:53,0,0.0
192.168.36.240,2025-12-09 17:41:11,0,0.0
192.168.37.115,2025-12-09 22:26:45,0,0.0
192.168.37.122,2025-12-10 13:49:34,0,0.0
192.168.37.134,2025-12-10 08:57:15,0,0.0
192.168.37.149,2025-12-10 08:16:24,0,0.0
192.168.37.236,2025-12-10 01:26:33,1,0.0
192.168.37.85,2025-12-10 13:58:20,0,0.0
192.168.38.140,2025-12-10 07:55:49,0,0.0
192.168.38.210,2025-12-10 01:31:50,0,0.0
192.168.38.90,2025-12-10 12:25:30,0,0.0
192.168.39.118,2025-12-09 18:49:10,0,0.0
192.168.39.124,2025-12-09 23:05:27,0,0.0
192.168.39.139,2025-12-10 07:25:22,0,0.0
192.168.39.167,2025-12-10 02:55:51,0,0.0
192.168.4.36,2025-12-10 10:16:49,1,0.0
192.168.40.141,2025-12-09 18:38:12,0,0.0
192.168.40.168,2025-12-09 20:27:41,0,0.0
192.168.40.211,2025-12-10 10:43:34,0,0.0
192.168.41.1,2025-12-09 20:04:32,0,0.0
192.168.41.108,2025-12-10 07:41:32,0,0.0
192.168.41.140,2025-12-09 23:25:37,0,0.0
192.168.41.216,2025-12-09 21:40:09,1,0.0
192.168.41.233,2025-12-10 05:26:41,0,0.0
192.168.42.201,2025-12-09 20:27:52,0,0.0
192.168.42.218,2025-12-09 17:40:31,0,0.0
192.168.42.228,2025-12-09 21:18:17,0,0.0
192.168.42.38,2025-12-10 08:17:28,0,0.0
192.168.43.182,2025-12-09 17:53:17,0,0.0
192.168.43.195,2025-12-10 07:34:37,0,0.0
192.168.43.220,2025-12-09 19:01:50,0,0.0
192.168.43.241,2025-12-09 22:50:28,0,0.0
192.168.44.111,2025-12-10 09:45:56,1,0.0
192.168.44.141,2025-12-10 09:32:00,1,0.0
192.168.44.17,2025-12-09 22:35:18,0,0.0
192.168.44.240,2025-12-10 09:16:43,0,0.0
192.168.45.64,2025-12-09 19:51:59,0,0.0
192.168.46.12,2025-12-10 12:02:40,0,0.0
192.168.46.171,2025-12-10 04:23:09,0,0.0
192.168.46.196,2025-12-09 20:04:07,0,0.0
192.168.46.235,2025-12-09 20:08:21,0,0.0
192.168.47.27,2025-12-10 14:22:23,1,0.0
192.168.47.52,2025-12-10 05:12:25,0,0.0
192.168.48.229,2025-12-09 19:25:10,0,0.0
192.168.48.250,2025-12-10 07:48:49,0,0.0
192.168.48.41,2025-12-10 14:46:18,0,0.0
192.168.49.121,2025-12-09 22:01:30,0,0.0
192.168.49.193,2025-12-09 16:29:59,1,0.0
192.168.49.235,2025-12-10 01:28:21,0,0.0
192.168.49.98,2025-12-09 16:03:18,0,0.0
192.168.5.133,2025-12-10 07:00:16,0,0.0
192.168.5.197,2025-12-09 17:49:23,0,0.0
192.168.5.77,2025-12-10 06:19:16,0,0.0
192.168.5.8,2025-12-10 01:31:17,0,0.0
192.168.50.238,2025-12-10 03:08:44,0,0.0
192.168.50.70,2025-12-09 20:21:42,0,0.0
192.168.50.83,2025-12-10 06:36:27,0,0.0
192.168.51.106,2025-12-10 01:28:02,0,0.0
192.168.51.205,2025-12-10 08:35:18,0,0.0
192.168.51.244,2025-12-09 23:47:14,0,0.0
192.168.52.102,2025-12-10 04:21:10,0,0.0
192.168.53.15,2025-12-09 16:09:54,0,0.0
192.168.53.215,2025-12-10 01:33:26,0,0.0
192.168.53.250,2025-12-10 06:25:31,0,0.0
192.168.54.176,2025-12-09 18:23:02,0,0.0
192.168.55.117,2025-12-09 16:43:09,0,0.0
192.168.55.126,2025-12-09 22:53:53,0,0.0
192.168.55.21,2025-12-10 01:57:51,0,0.0
192.168.55.211,2025-12-09 16:37:01,1,0.0
192.168.55.58,2025-12-10 13:26:11,0,0.0
192.168.56.24,2025-12-10 03:08:53,0,0.0
192.168.57.123,2025-12-10 05:29:26,0,0.0
192.168.57.129,2025-12-10 04:29:26,0,0.0
192.168.57.163,2025-12-10 06:32:01,0,0.0
192.168.57.205,2025-12-10 14:12:04,0,0.0
192.168.57.212,2025-12-10 11:45:02,0,0.0
192.168.57.254,2025-12-09 18:42:39,0,0.0
192.168.58.112,2025-12-10 03:09:12,0,0.0
192.168.58.207,2025-12-10 02:08:35,0,0.0
192.168.58.209,2025-12-10 10:12:27,1,0.0
192.168.58.238,2025-12-09 20:23:53,0,0.0
192.168.58.63,2025-12-10 08:57:37,0,0.0
192.168.59.167,2025-12-09 17:39:34,0,0.0
192.168.59.212,2025-12-10 07:57:21,0,0.0
192.168.59.63,2025-12-10 12:18:16,0,0.0
192.168.59.66,2025-12-10 12:22:33,1,0.0
192.168.6.138,2025-12-09 18:11:27,0,0.0
192.168.6.179,2025-12-09 23:04:16,0,0.0
192.168.60.202,2025-12-10 07:51:07,0,0.0
192.168.60.207,2025-12-10 05:21:21,0,0.0
192.168.60.214,2025-12-09 18:03:10,0,0.0
192.168.60.242,2025-12-10 02:20:11,0,0.0
192.168.60.248,2025-12-09 20:48:36,0,0.0
192.168.60.56,2025-12-10 10:54:19,0,0.0
192.168.60.89,2025-12-09 18:05:25,0,0.0
192.168.61.120,2025-12-09 21:08:37,0,0.0
192.168.61.17,2025-12-09 20:18:16,0,0.0
192.168.61.18,2025-12-10 05:41:54,0,0.0
192.168.61.191,2025-12-09 18:37:38,0,0.0
192.168.61.204,2025-12-09 17:43:39,0,0.0
192.168.62.110,2025-12-10 13:50:10,0,0.0
192.168.62.14,2025-12-10 05:34:08,0,0.0
192.168.62.159,2025-12-10 01:01:42,0,0.0
192.168.62.198,2025-12-10 02:46:29,0,0.0
192.168.62.219,2025-12-10 10:14:47,0,0.0
192.168.62.96,2025-12-10 11:58:58,0,0.0
192.168.63.134,2025-12-09 22:37:46,0,0.0
192.168.63.148,2025-12-09 23:58:55,0,0.0
192.168.63.33,2025-12-10 01:02:43,0,0.0
192.168.64.197,2025-12-10 03:39:24,0,0.0
192.168.64.21,2025-12-09 19:54:14,0,0.0
192.168.64.230,2025-12-10 02:38:38,0,0.0
192.168.64.48,2025-12-10 05:13:55,0,0.0
192.168.64.85,2025-12-09 15:19:46,0,0.0
192.168.65.130,2025-12-10 10:16:41,0,0.0
192.168.65.142,2025-12-10 14:42:11,0,0.0
192.168.65.210,2025-12-09 22:50:58,0,0.0
192.168.65.226,2025-12-10 09:51:15,0,0.0
192.168.65.61,2025-12-10 13:31:14,0,0.0
192.168.66.166,2025-12-10 14:58:16,0,0.0
192.168.66.64,2025-12-10 00:13:19,0,0.0
192.168.67.137,2025-12-10 09:45:15,0,0.0
192.168.68.121,2025-12-09 21:49:57,0,0.0
192.168.68.163,2025-12-09 21:39:04,0,0.0
192.168.68.185,2025-12-10 12:09:10,0,0.0
192.168.68.187,2025-12-10 01:53:44,0,0.0
192.168.68.227,2025-12-09 19:41:42,0,0.0
192.168.68.227,2025-12-10 05:09:03,0,34041.0
192.168.68.243,2025-12-10 05:38:10,0,0.0
192.168.68.244,2025-12-09 21:05:07,0,0.0
192.168.69.113,2025-12-10 13:40:07,0,0.0
192.168.69.202,2025-12-10 09:52:12,1,0.0
192.168.69.60,2025-12-09 22:10:34,0,0.0
192.168.7.234,2025-12-10 08:25:23,0,0.0
192.168.7.94,2025-12-10 02:52:09,0,0.0
192.168.70.178,2025-12-10 06:57:23,0,0.0
192.168.70.242,2025-12-09 15:52:51,0,0.0
192.168.71.111,2025-12-10 11:07:31,0,0.0
192.168.71.124,2025-12-10 00:34:31,0,0.0
192.168.71.50,2025-12-10 11:06:32,0,0.0
192.168.71.80,2025-12-10 11:03:28,0,0.0
192.168.72.73,2025-12-10 13:39:30,0,0.0
192.168.73.224,2025-12-09 17:05:16,0,0.0
192.168.73.35,2025-12-10 12:12:49,0,0.0
192.168.73.63,2025-12-10 03:06:02,0,0.0
192.168.73.66,2025-12-09 17:04:22,0,0.0
192.168.73.72,2025-12-09 20:47:32,0,0.0
192.168.74.1,2025-12-10 14:37:08,1,0.0
192.168.74.119,2025-12-10 03:31:39,0,0.0
192.168.74.207,2025-12-09 19:23:03,0,0.0
192.168.74.25,2025-12-10 08:04:07,0,0.0
192.168.74.64,2025-12-10 07:22:39,0,0.0
192.168.75.150,2025-12-10 05:17:39,0,0.0
192.168.75.177,2025-12-09 17:27:12,0,0.0
192.168.75.180,2025-12-10 14:15:15,0,0.0
192.168.75.206,2025-12-10 09:09:48,0,0.0
192.168.75.227,2025-12-10 06:42:06,0,0.0
192.168.75.227,2025-12-10 10:55:23,0,15197.0
192.168.75.68,2025-12-09 15:32:15,1,0.0
192.168.76.124,2025-12-10 05:50:32,0,0.0
192.168.76.162,2025-12-09 16:42:43,0,0.0
192.168.76.183,2025-12-09 15:28:21,0,0.0
192.168.76.38,2025-12-10 03:53:17,0,0.0
192.168.77.118,2025-12-10 14:13:04,0,0.0
192.168.77.152,2025-12-10 07:00:45,0,0.0
192.168.77.200,2025-12-10 07:01:51,0,0.0
192.168.78.147,2025-12-09 21:38:48,0,0.0
192.168.78.160,2025-12-10 12:05:46,0,0.0
192.168.78.207,2025-12-09 18:26:45,1,0.0
192.168.78.220,2025-12-10 13:59:16,0,0.0
192.168.78.226,2025-12-09 19:28:21,0,0.0
192.168.78.239,2025-12-09 22:26:16,0,0.0
192.168.78.48,2025-12-10 00:31:49,0,0.0
192.168.78.85,2025-12-10 11:12:40,0,0.0
192.168.79.122,2025-12-10 05:43:26,0,0.0
192.168.79.143,2025-12-10 14:51:58,0,0.0
192.168.79.173,2025-12-09 18:05:52,0,0.0
192.168.79.189,2025-12-10 10:07:03,0,0.0
192.168.79.196,2025-12-10 10:29:14,0,0.0
192.168.79.226,2025-12-09 20:37:39,0,0.0
192.168.79.57,2025-12-10 06:39:40,0,0.0
192.168.79.65,2025-12-09 17:11:02,0,0.0
192.168.8.237,2025-12-10 07:44:56,0,0.0
192.168.8.37,2025-12-10 06:28:50,0,0.0
192.168.8.94,2025-12-10 05:38:29,1,0.0
192.168.80.116,2025-12-10 02:25:12,1,0.0
192.168.80.12,2025-12-09 16:53:05,0,0.0
192.168.80.143,2025-12-10 07:55:27,0,0.0
192.168.80.204,2025-12-10 11:29:34,0,0.0
192.168.80.246,2025-12-10 04:46:04,0,0.0
192.168.80.27,2025-12-10 13:08:55,0,0.0
192.168.81.138,2025-12-09 18:27:18,0,0.0
192.168.81.150,2025-12-10 08:07:13,0,0.0
192.168.81.166,2025-12-10 07:38:58,0,0.0
192.168.81.179,2025-12-09 23:47:18,0,0.0
192.168.81.48,2025-12-10 09:49:26,0,0.0
192.168.81.74,2025-12-09 23:17:50,0,0.0
192.168.81.86,2025-12-09 21:56:39,0,0.0
192.168.82.103,2025-12-10 06:09:25,0,0.0
192.168.82.217,2025-12-09 20:28:17,0,0.0
192.168.82.238,2025-12-10 09:26:58,0,0.0
192.168.82.42,2025-12-10 04:59:43,0,0.0
192.168.82.66,2025-12-09 17:53:05,0,0.0
192.168.83.128,2025-12-10 12:03:45,0,0.0
192.168.83.146,2025-12-10 01:18:44,0,0.0
192.168.83.218,2025-12-09 15:47:59,0,0.0
192.168.83.241,2025-12-10 14:03:31,0,0.0
192.168.84.125,2025-12-10 01:05:12,0,0.0
192.168.84.195,2025-12-09 21:37:02,0,0.0
192.168.84.215,2025-12-09 20:45:06,0,0.0
192.168.84.67,2025-12-10 05:47:52,1,0.0
192.168.85.11,2025-12-10 14:57:20,0,0.0
192.168.85.202,2025-12-09 16:56:03,0,0.0
192.168.85.36,2025-12-09 19:33:20,0,0.0
192.168.86.132,2025-12-10 01:42:40,1,0.0
192.168.86.232,2025-12-10 14:21:17,0,0.0
192.168.86.255,2025-12-09 19:05:28,0,0.0
192.168.86.60,2025-12-10 07:26:11,0,0.0
192.168.87.118,2025-12-10 11:32:54,0,0.0
192.168.87.193,2025-12-10 09:47:42,0,0.0
192.168.87.82,2025-12-09 23:40:49,1,0.0
192.168.88.117,2025-12-10 02:22:24,1,0.0
192.168.88.118,2025-12-09 22:23:18,0,0.0
192.168.88.14,2025-12-10 11:17:23,0,0.0
192.168.88.171,2025-12-10 02:37:23,0,0.0
192.168.88.27,2025-12-10 14:11:50,0,0.0
192.168.88.32,2025-12-10 03:35:18,0,0.0
192.168.89.158,2025-12-10 04:50:58,0,0.0
192.168.89.19,2025-12-10 01:08:27,0,0.0
192.168.89.19,2025-12-10 05:14:44,0,14777.0
192.168.89.202,2025-12-10 11:54:50,0,0.0
192.168.89.227,2025-12-09 19:55:24,1,0.0
192.168.89.252,2025-12-10 08:40:44,0,0.0
192.168.9.10,2025-12-10 13:09:15,0,0.0
192.168.9.13,2025-12-10 07:35:12,0,0.0
192.168.9.142,2025-12-09 15:56:43,0,0.0
192.168.9.158,2025-12-10 04:41:47,0,0.0
192.168.9.193,2025-12-10 01:26:38,0,0.0
192.168.9.34,2025-12-09 20:35:56,1,0.0
192.168.90.112,2025-12-09 19:14:12,0,0.0
192.168.91.113,2025-12-10 08:50:46,0,0.0
192.168.91.143,2025-12-10 05:32:09,0,0.0
192.168.91.168,2025-12-09 23:50:28,1,0.0
192.168.91.251,2025-12-09 22:52:28,0,0.0
192.168.91.35,2025-12-10 00:11:42,0,0.0
192.168.91.62,2025-12-10 13:32:39,0,0.0
192.168.91.81,2025-12-09 21:00:08,0,0.0
192.168.92.124,2025-12-09 17:13:36,0,0.0
192.168.92.210,2025-12-09 16:23:34,0,0.0
192.168.92.218,2025-12-09 23:01:32,0,0.0
192.168.92.225,2025-12-09 23:24:26,0,0.0
192.168.92.238,2025-12-10 06:48:35,0,0.0
192.168.92.32,2025-12-09 20:54:57,0,0.0
192.168.92.97,2025-12-09 23:32:03,0,0.0
192.168.93.192,2025-12-09 16:45:20,0,0.0
192.168.93.202,2025-12-10 12:43:09,0,0.0
192.168.93.212,2025-12-09 15:43:29,0,0.0
192.168.93.59,2025-12-10 13:41:45,0,0.0
192.168.94.211,2025-12-10 04:55:31,0,0.0
192.168.94.37,2025-12-10 02:21:28,0,0.0
192.168.94.62,2025-12-10 04:32:09,0,0.0
192.168.95.224,2025-12-10 00:01:36,0,0.0
192.168.96.183,2025-12-09 20:03:43,1,0.0
192.168.96.197,2025-12-09 22:26:09,0,0.0
192.168.96.57,2025-12-10 03:29:51,0,0.0
192.168.96.99,2025-12-10 04:45:17,1,0.0
192.168.97.108,2025-12-09 23:52:32,0,0.0
192.168.97.144,2025-12-10 11:07:51,0,0.0
192.168.97.254,2025-12-10 02:51:06,0,0.0
192.168.97.52,2025-12-10 00:16:05,0,0.0
192.168.97.84,2025-12-10 10:27:12,0,0.0
192.168.97.90,2025-12-10 12:47:40,0,0.0
192.168.98.105,2025-12-10 12:56:09,0,0.0
192.168.98.130,2025-12-10 02:07:00,0,0.0
192.168.98.146,2025-12-10 05:12:09,0,0.0
192.168.98.24,2025-12-10 02:31:29,0,0.0
192.168.98.78,2025-12-10 14:45:30,0,0.0
192.168.99.111,2025-12-09 19:51:57,1,0.0
192.168.99.64,2025-12-09 23:43:43,0,0.0
