log_time,prediction,anomaly_score,traffic_type
2025-12-10 00:00:00,0,0.0133912855248662,normal
2025-12-10 01:00:00,0,0.0105608397333024,normal
2025-12-10 02:00:00,0,0.0898166510345628,normal
2025-12-10 03:00:00,0,0.0101075035644823,normal
2025-12-10 04:00:00,0,0.0767277155582684,normal
2025-12-10 05:00:00,0,0.0751273345237541,normal
2025-12-10 06:00:00,0,0.0170799939065627,normal
2025-12-10 07:00:00,0,0.021362225658331,normal
2025-12-10 08:00:00,0,0.0759830196235928,normal
2025-12-10 09:00:00,0,0.0915272968766052,normal
2025-12-10 10:00:00,1,-0.0535315313025602,anomaly
2025-12-10 11:00:00,0,0.0048942790677629,normal
2025-12-10 12:00:00,0,0.079020332349488,normal
2025-12-10 13:00:00,0,0.069230894777293,normal
2025-12-10 14:00:00,0,0.0597624281239448,normal
2025-12-10 15:00:00,0,0.0163406778498366,normal
2025-12-10 16:00:00,0,0.0806638643730358,normal
2025-12-10 17:00:00,0,0.0933200393059445,normal
2025-12-10 18:00:00,0,0.0412815119403208,normal
2025-12-10 19:00:00,0,0.0209188507076888,normal
2025-12-10 20:00:00,0,0.0649684197965793,normal
2025-12-10 21:00:00,1,-0.0015305657048187,anomaly
2025-12-10 22:00:00,0,0.0797866269739139,normal
2025-12-10 23:00:00,1,-0.0254757729706681,anomaly
2025-12-11 00:00:00,1,-0.0782426368727372,anomaly
2025-12-11 01:00:00,0,0.0238117336514733,normal
2025-12-11 02:00:00,0,0.0473409321549153,normal
2025-12-11 03:00:00,0,0.0718060793387164,normal
2025-12-11 04:00:00,0,0.0152817345142913,normal
2025-12-11 05:00:00,0,0.1037801815413007,normal
2025-12-11 06:00:00,0,0.0637771656474418,normal
2025-12-11 07:00:00,1,-0.0015305657048187,anomaly
2025-12-11 08:00:00,0,0.0328785477803651,normal
2025-12-11 09:00:00,1,-0.1044705645314171,anomaly
2025-12-11 10:00:00,0,0.0141333491750335,normal
2025-12-11 11:00:00,0,0.0640799969130558,normal
2025-12-11 12:00:00,0,0.0038273620611867,normal
2025-12-11 13:00:00,1,-0.0045639765879986,anomaly
2025-12-11 14:00:00,0,0.0087715305442241,normal
2025-12-11 15:00:00,1,-0.0095143898718814,anomaly
2025-12-11 16:00:00,0,0.0760601573765211,normal
2025-12-11 17:00:00,0,0.0320248857260804,normal
2025-12-11 18:00:00,0,0.0036141972922268,normal
2025-12-11 19:00:00,0,0.0853190857949224,normal
2025-12-11 20:00:00,0,0.0143085677905877,normal
2025-12-11 21:00:00,0,0.082593686031431,normal
2025-12-11 22:00:00,0,0.0741606488287496,normal
2025-12-11 23:00:00,0,0.0926763239098421,normal
2025-12-12 00:00:00,0,0.0257754707851225,normal
2025-12-12 01:00:00,0,0.0730769254327438,normal
2025-12-12 02:00:00,0,0.0009946810018172,normal
2025-12-12 03:00:00,0,0.0841768802055621,normal
2025-12-12 04:00:00,0,0.0334422210233854,normal
2025-12-12 05:00:00,0,0.0190648313462458,normal
2025-12-12 06:00:00,0,0.0942950494292652,normal
2025-12-12 07:00:00,0,0.0837096054918397,normal
2025-12-12 08:00:00,0,0.0796767686173556,normal
2025-12-12 09:00:00,0,0.0520448292349254,normal
2025-12-12 10:00:00,0,0.0656954331910568,normal
2025-12-12 11:00:00,0,0.0666151994485995,normal
2025-12-12 12:00:00,0,0.0732474680743128,normal
2025-12-12 13:00:00,0,0.0049599385006938,normal
2025-12-12 14:00:00,1,-0.0583215812885115,anomaly
2025-12-12 15:00:00,1,-0.0365031225618741,anomaly
2025-12-12 16:00:00,0,0.014364402116321,normal
2025-12-12 17:00:00,0,0.0885067522217126,normal
2025-12-12 18:00:00,0,0.0165946913956579,normal
2025-12-12 19:00:00,1,-0.0345029247614544,anomaly
2025-12-12 20:00:00,0,0.0342937606167768,normal
2025-12-12 21:00:00,0,0.0259791371456163,normal
2025-12-12 22:00:00,0,0.0286116261574621,normal
2025-12-12 23:00:00,1,-0.0046384363164613,anomaly
2025-12-13 00:00:00,0,0.0221395702699892,normal
2025-12-13 01:00:00,0,0.0978456765162235,normal
2025-12-13 02:00:00,0,0.0798786998903273,normal
2025-12-13 03:00:00,0,0.0905106278558595,normal
2025-12-13 04:00:00,0,0.0343196964038615,normal
2025-12-13 05:00:00,0,0.0584891895533473,normal
2025-12-13 06:00:00,0,0.0942318022911186,normal
2025-12-13 07:00:00,0,0.0773832421798434,normal
2025-12-13 08:00:00,0,0.0070691787057107,normal
2025-12-13 09:00:00,0,0.0878633612645714,normal
2025-12-13 10:00:00,1,-0.0147659689637562,anomaly
2025-12-13 11:00:00,0,0.0059286580416613,normal
2025-12-13 12:00:00,0,0.0300221974562269,normal
2025-12-13 13:00:00,0,0.0804248691852794,normal
2025-12-13 14:00:00,0,0.0192796266599462,normal
2025-12-13 15:00:00,0,0.0833744722322294,normal
2025-12-13 16:00:00,1,-0.0425324863542614,anomaly
2025-12-13 17:00:00,0,0.0955828699436464,normal
2025-12-13 18:00:00,0,0.0776378110765445,normal
2025-12-13 19:00:00,0,0.0986862598732933,normal
2025-12-13 20:00:00,0,0.057569170618961,normal
2025-12-13 21:00:00,0,0.0551243056681871,normal
2025-12-13 22:00:00,0,0.006764215564838,normal
2025-12-13 23:00:00,0,0.0001523722756154,normal
2025-12-14 00:00:00,0,0.0820051773825147,normal
2025-12-14 01:00:00,0,0.0162583020148617,normal
2025-12-14 02:00:00,0,0.0272752901267431,normal
2025-12-14 03:00:00,0,0.1032895991081433,normal
2025-12-14 04:00:00,0,0.0960545024898901,normal
2025-12-14 05:00:00,0,0.0749870089921768,normal
2025-12-14 06:00:00,0,0.0951242362541567,normal
2025-12-14 07:00:00,1,-0.0778409167205546,anomaly
2025-12-14 08:00:00,0,0.0002852323375451,normal
2025-12-14 09:00:00,0,0.103055052810514,normal
2025-12-14 10:00:00,0,0.0170839309164347,normal
2025-12-14 11:00:00,1,-0.0046104611278556,anomaly
2025-12-14 12:00:00,0,0.0660239408202143,normal
2025-12-14 13:00:00,1,-0.0440570383619194,anomaly
2025-12-14 14:00:00,0,0.0975887973644825,normal
2025-12-14 15:00:00,0,0.0232373526774342,normal
2025-12-14 16:00:00,0,0.0006213067124434,normal
2025-12-14 17:00:00,0,0.0873721792327411,normal
2025-12-14 18:00:00,0,0.0145094301303884,normal
2025-12-14 19:00:00,0,9.050603006266478e-06,normal
2025-12-14 20:00:00,1,-0.0010769586392908,anomaly
2025-12-14 21:00:00,1,-0.0165112726140682,anomaly
2025-12-14 22:00:00,0,0.026454510965825,normal
2025-12-14 23:00:00,0,0.0946417861697062,normal
2025-12-15 00:00:00,0,0.002741724090013,normal
2025-12-15 01:00:00,0,0.0854008712175861,normal
2025-12-15 02:00:00,0,0.018888513904133,normal
2025-12-15 03:00:00,1,-0.0814748864068256,anomaly
2025-12-15 04:00:00,0,0.0023898761310653,normal
2025-12-15 05:00:00,0,0.0610546826800836,normal
2025-12-15 06:00:00,0,0.0587227758394874,normal
2025-12-15 07:00:00,0,0.0363920213124694,normal
2025-12-15 08:00:00,1,-0.0988389962947604,anomaly
2025-12-15 09:00:00,0,0.0900344768508891,normal
2025-12-15 10:00:00,0,0.0109895896852783,normal
2025-12-15 11:00:00,0,0.0711323453381788,normal
2025-12-15 12:00:00,0,0.0192020920109702,normal
2025-12-15 13:00:00,0,0.0919640933239635,normal
2025-12-15 14:00:00,0,0.089841788043451,normal
2025-12-15 15:00:00,0,0.0066163198961129,normal
2025-12-15 16:00:00,1,-0.0299083342124173,anomaly
2025-12-15 17:00:00,0,0.0498228781206552,normal
2025-12-15 18:00:00,0,0.0905593504729596,normal
2025-12-15 19:00:00,0,0.091990254476183,normal
2025-12-15 20:00:00,0,0.0726323320494619,normal
2025-12-15 21:00:00,0,0.0724179941595803,normal
2025-12-15 22:00:00,0,0.1004482818305568,normal
2025-12-15 23:00:00,1,-0.03947661742681,anomaly
2025-12-16 00:00:00,0,0.0727359786291562,normal
2025-12-16 01:00:00,0,0.01954960675662,normal
2025-12-16 02:00:00,1,-0.0117502179923445,anomaly
2025-12-16 03:00:00,0,0.0815535659325515,normal
2025-12-16 04:00:00,0,0.0343196964038615,normal
2025-12-16 05:00:00,0,0.1052862271930269,normal
2025-12-16 06:00:00,0,0.0946702597436366,normal
2025-12-16 07:00:00,0,0.0357603703987874,normal
2025-12-16 08:00:00,0,0.0933200393059445,normal
2025-12-16 09:00:00,0,0.0941652971980272,normal
2025-12-16 10:00:00,0,0.0737144640771097,normal
2025-12-16 11:00:00,0,0.0130506149609384,normal
2025-12-16 12:00:00,0,0.0217966986351982,normal
2025-12-16 13:00:00,0,0.0800061774261875,normal
2025-12-16 14:00:00,0,0.0907439935464182,normal
2025-12-16 15:00:00,1,-0.0428125912650106,anomaly
2025-12-16 16:00:00,0,0.0963588212059327,normal
2025-12-16 17:00:00,0,0.0020792007673599,normal
2025-12-16 18:00:00,0,0.0298237047624503,normal
2025-12-16 19:00:00,1,-0.0419274053156055,anomaly
2025-12-16 20:00:00,0,0.0222504554894737,normal
2025-12-16 21:00:00,0,0.0617018693376912,normal
2025-12-16 22:00:00,0,0.0890179561560876,normal
2025-12-16 23:00:00,0,0.0008752978826945,normal
2025-12-17 00:00:00,0,0.0804014630805427,normal
2025-12-17 01:00:00,0,0.0733734962976215,normal
2025-12-17 02:00:00,0,0.0853306530652688,normal
2025-12-17 03:00:00,0,0.0914353768391693,normal
2025-12-17 04:00:00,0,0.0392536390121258,normal
2025-12-17 05:00:00,0,0.0149206897289549,normal
2025-12-17 06:00:00,0,0.0273421875761502,normal
2025-12-17 07:00:00,0,0.0941804729085533,normal
2025-12-17 08:00:00,1,-0.01617831746403,anomaly
2025-12-17 09:00:00,1,-0.0348689863999295,anomaly
2025-12-17 10:00:00,0,0.0859672486619319,normal
2025-12-17 11:00:00,0,0.1036691753009313,normal
2025-12-17 12:00:00,1,-0.0095183485586421,anomaly
2025-12-17 13:00:00,0,0.0100641201503061,normal
2025-12-17 14:00:00,0,0.0513571129852566,normal
2025-12-17 15:00:00,0,0.01363268403359,normal
2025-12-17 16:00:00,0,0.0994876203288356,normal
2025-12-17 17:00:00,0,0.031746456522355,normal
2025-12-17 18:00:00,0,0.0808795491331484,normal
2025-12-17 19:00:00,0,0.0956722156539327,normal
2025-12-17 20:00:00,0,0.0281072477181419,normal
2025-12-17 21:00:00,0,0.0492169221122481,normal
2025-12-17 22:00:00,0,0.0253872376498917,normal
2025-12-17 23:00:00,0,0.0182634214845827,normal
2025-12-18 00:00:00,0,0.0890629856240282,normal
2025-12-18 01:00:00,0,0.0073236262425081,normal
2025-12-18 02:00:00,0,0.0040356882322889,normal
2025-12-18 03:00:00,1,-0.0082197588033143,anomaly
2025-12-18 04:00:00,0,0.0628523765068573,normal
2025-12-18 05:00:00,0,0.0628068513627073,normal
2025-12-18 06:00:00,0,0.0100055012628972,normal
2025-12-18 07:00:00,0,0.0979493752260521,normal
2025-12-18 08:00:00,0,0.0838493327424464,normal
2025-12-18 09:00:00,0,0.003480359657297,normal
2025-12-18 10:00:00,0,0.0772718369560779,normal
2025-12-18 11:00:00,1,-0.0193685467773134,anomaly
2025-12-18 12:00:00,0,0.0090093512542717,normal
2025-12-18 13:00:00,0,0.0337605330201358,normal
2025-12-18 14:00:00,0,0.0599954822560794,normal
2025-12-18 15:00:00,0,0.0216581329414219,normal
2025-12-18 16:00:00,1,-0.0042936859048154,anomaly
2025-12-18 17:00:00,0,0.0251120292307763,normal
2025-12-18 18:00:00,0,0.013814637388735,normal
2025-12-18 19:00:00,0,0.0805327399002099,normal
2025-12-18 20:00:00,1,-0.0075750085089112,anomaly
2025-12-18 21:00:00,0,0.0575049420408221,normal
2025-12-18 22:00:00,0,0.0833840346620475,normal
2025-12-18 23:00:00,1,-0.003340759789093,anomaly
2025-12-19 00:00:00,0,0.0991081329370717,normal
2025-12-19 01:00:00,0,0.0235971769853604,normal
2025-12-19 02:00:00,0,0.0671261228634114,normal
2025-12-19 03:00:00,0,0.0825785075779008,normal
2025-12-19 04:00:00,1,-0.005536701897328,anomaly
2025-12-19 05:00:00,0,0.0615818925082438,normal
2025-12-19 06:00:00,0,0.0103661080045055,normal
2025-12-19 07:00:00,0,0.066363544620529,normal
2025-12-19 08:00:00,0,0.0702660584064888,normal
2025-12-19 09:00:00,0,0.0326107657983572,normal
2025-12-19 10:00:00,0,0.007712787161147,normal
2025-12-19 11:00:00,0,0.0812896903090251,normal
2025-12-19 12:00:00,0,0.0195261941534292,normal
2025-12-19 13:00:00,0,0.018379587052703,normal
2025-12-19 14:00:00,1,-0.0677406485414402,anomaly
2025-12-19 15:00:00,1,-0.0791041723445893,anomaly
2025-12-19 16:00:00,1,-0.0282465971488441,anomaly
2025-12-19 17:00:00,0,0.0797227997194811,normal
2025-12-19 18:00:00,0,0.0977589653580273,normal
2025-12-19 19:00:00,0,0.0979465700392077,normal
2025-12-19 20:00:00,0,0.0058549168179061,normal
2025-12-19 21:00:00,0,0.0705383779689373,normal
2025-12-19 22:00:00,0,0.0196064513986753,normal
2025-12-19 23:00:00,0,0.0349197969794512,normal
2025-12-20 00:00:00,0,0.0741430861538805,normal
2025-12-20 01:00:00,0,0.0086262477289513,normal
2025-12-20 02:00:00,0,0.0960709126783769,normal
2025-12-20 03:00:00,1,-0.0029516010919398,anomaly
2025-12-20 04:00:00,0,0.0092121482864415,normal
2025-12-20 05:00:00,0,0.0902547500348744,normal
2025-12-20 06:00:00,0,0.0014366532171412,normal
2025-12-20 07:00:00,0,0.0688268252486855,normal
2025-12-20 08:00:00,0,0.0858441852774702,normal
2025-12-20 09:00:00,0,0.0865543562710626,normal
2025-12-20 10:00:00,1,-0.0583215812885115,anomaly
2025-12-20 11:00:00,0,0.0677033444481999,normal
2025-12-20 12:00:00,1,-0.0065323102185971,anomaly
2025-12-20 13:00:00,0,0.0735754943694155,normal
2025-12-20 14:00:00,0,0.0830738039129409,normal
2025-12-20 15:00:00,1,-0.0125114214437782,anomaly
2025-12-20 16:00:00,0,0.097996385639981,normal
2025-12-20 17:00:00,0,0.0183826343678999,normal
2025-12-20 18:00:00,0,0.0916455469156445,normal
2025-12-20 19:00:00,0,0.079025292854876,normal
2025-12-20 20:00:00,0,0.0162583020148617,normal
2025-12-20 21:00:00,1,-0.0193083343098811,anomaly
2025-12-20 22:00:00,1,-0.0054649155580807,anomaly
2025-12-20 23:00:00,0,0.0631864772932339,normal
2025-12-21 00:00:00,0,0.05343991293673,normal
2025-12-21 01:00:00,1,-3.6202412024843866e-05,anomaly
2025-12-21 02:00:00,0,0.0281072477181419,normal
2025-12-21 03:00:00,0,0.0874796122722967,normal
2025-12-21 04:00:00,0,0.0806948170639855,normal
2025-12-21 05:00:00,1,-0.027017806180323,anomaly
2025-12-21 06:00:00,0,0.0741088786273184,normal
2025-12-21 07:00:00,1,-0.0052641051569705,anomaly
2025-12-21 08:00:00,1,-0.027017806180323,anomaly
2025-12-21 09:00:00,0,0.0784542671884659,normal
2025-12-21 10:00:00,0,0.0932187681019023,normal
2025-12-21 11:00:00,0,0.0072088823049246,normal
2025-12-21 12:00:00,0,0.0722945015366909,normal
2025-12-21 13:00:00,0,0.0777313048557307,normal
2025-12-21 14:00:00,0,0.0076779714912458,normal
2025-12-21 15:00:00,1,-0.0087062267971763,anomaly
2025-12-21 16:00:00,0,0.0833502245157501,normal
2025-12-21 17:00:00,0,0.0773978636076827,normal
2025-12-21 18:00:00,0,0.0772023342988079,normal
2025-12-21 19:00:00,0,0.0189980332065813,normal
2025-12-21 20:00:00,0,0.0100055012628972,normal
2025-12-21 21:00:00,1,-0.0360941738151168,anomaly
2025-12-21 22:00:00,0,0.0132119109930526,normal
2025-12-21 23:00:00,0,0.0966801681050163,normal
2025-12-22 00:00:00,0,0.0298237047624503,normal
2025-12-22 01:00:00,0,0.0046511654180207,normal
2025-12-22 02:00:00,0,0.0859686684589793,normal
2025-12-22 03:00:00,1,-0.0380268845078256,anomaly
2025-12-22 04:00:00,0,0.0932513022004425,normal
2025-12-22 05:00:00,1,-0.0314060368032567,anomaly
2025-12-22 06:00:00,1,-0.0094122775444035,anomaly
2025-12-22 07:00:00,1,-0.0769673964801982,anomaly
2025-12-22 08:00:00,0,0.025918184067727,normal
2025-12-22 09:00:00,0,0.0293812733726331,normal
2025-12-22 10:00:00,1,-0.0267376225802493,anomaly
2025-12-22 11:00:00,1,-0.008396956690334,anomaly
2025-12-22 12:00:00,1,-0.0050769597348632,anomaly
2025-12-22 13:00:00,0,0.0388272824927392,normal
2025-12-22 14:00:00,0,0.0149482585767742,normal
2025-12-22 15:00:00,0,0.0951242362541567,normal
2025-12-22 16:00:00,0,0.0672697672198937,normal
2025-12-22 17:00:00,0,0.0156408546503576,normal
2025-12-22 18:00:00,0,0.0027361294669189,normal
2025-12-22 19:00:00,1,-0.0704193922851535,anomaly
2025-12-22 20:00:00,0,0.0764370051446605,normal
2025-12-22 21:00:00,1,-0.0148749296349791,anomaly
2025-12-22 22:00:00,0,0.0827099281565585,normal
2025-12-22 23:00:00,0,0.0850312952517733,normal
2025-12-23 00:00:00,0,0.0979308630696875,normal
2025-12-23 01:00:00,1,-0.0369123480913803,anomaly
2025-12-23 02:00:00,0,0.036973445935572,normal
2025-12-23 03:00:00,0,0.0776194355941728,normal
2025-12-23 04:00:00,0,0.0696580690403025,normal
2025-12-23 05:00:00,0,0.0864454248215274,normal
2025-12-23 06:00:00,0,0.0407950694526256,normal
2025-12-23 07:00:00,0,0.0126401189440367,normal
2025-12-23 08:00:00,0,0.0053732033928223,normal
2025-12-23 09:00:00,0,0.0881814402716749,normal
2025-12-23 10:00:00,0,0.083397186299819,normal
2025-12-23 11:00:00,1,-0.0779315650907586,anomaly
2025-12-23 12:00:00,1,-0.0206159877350261,anomaly
2025-12-23 13:00:00,0,0.0150083443550335,normal
2025-12-23 14:00:00,1,-0.0102001955299342,anomaly
2025-12-23 15:00:00,0,0.003888163940355,normal
2025-12-23 16:00:00,1,-0.0573551134621854,anomaly
2025-12-23 17:00:00,0,0.0619173873438539,normal
2025-12-23 18:00:00,0,0.0867082771687378,normal
2025-12-23 19:00:00,0,0.0951224002378152,normal
2025-12-23 20:00:00,0,0.1030409678538216,normal
2025-12-23 21:00:00,0,0.0962606827781032,normal
2025-12-23 22:00:00,0,0.0841766310513597,normal
2025-12-23 23:00:00,0,0.0871163754841922,normal
2025-12-24 00:00:00,0,0.0675117700174984,normal
2025-12-24 01:00:00,0,0.0263449671904655,normal
2025-12-24 02:00:00,1,-0.0419851293718459,anomaly
2025-12-24 03:00:00,0,0.0863772223583088,normal
2025-12-24 04:00:00,0,0.0703321326702014,normal
2025-12-24 05:00:00,0,0.0583311778101712,normal
2025-12-24 06:00:00,1,-0.0845830765002223,anomaly
2025-12-24 07:00:00,0,0.0158353274147706,normal
2025-12-24 08:00:00,0,0.0391636344951775,normal
2025-12-24 09:00:00,0,0.0926687965029318,normal
2025-12-24 10:00:00,0,0.0903156875139222,normal
2025-12-24 11:00:00,1,-0.0339472126654889,anomaly
2025-12-24 12:00:00,0,0.0852266926973369,normal
2025-12-24 13:00:00,0,0.0833171816547486,normal
2025-12-24 14:00:00,1,-0.0055264610641296,anomaly
2025-12-24 15:00:00,0,0.0783498583832967,normal
2025-12-24 16:00:00,0,0.0013244198596629,normal
2025-12-24 17:00:00,0,0.0498108578524159,normal
2025-12-24 18:00:00,1,-0.0120546643193336,anomaly
2025-12-24 19:00:00,0,0.0214072034441854,normal
2025-12-24 20:00:00,1,-0.029134054936956,anomaly
2025-12-24 21:00:00,0,0.1012932603085486,normal
2025-12-24 22:00:00,1,-0.0979978015332536,anomaly
2025-12-24 23:00:00,0,0.0313614330749436,normal
2025-12-25 00:00:00,0,0.084636092077551,normal
2025-12-25 01:00:00,1,-0.0433763664055009,anomaly
2025-12-25 02:00:00,1,-0.0057799725408539,anomaly
2025-12-25 03:00:00,0,0.0590180058903623,normal
2025-12-25 04:00:00,0,0.0221395702699892,normal
2025-12-25 05:00:00,0,0.0939876550183008,normal
2025-12-25 06:00:00,0,0.0614622160614745,normal
2025-12-25 07:00:00,0,0.1030409678538216,normal
2025-12-25 08:00:00,0,0.014128296230619,normal
2025-12-25 09:00:00,0,0.0058537647378444,normal
2025-12-25 10:00:00,0,0.0220749769065449,normal
2025-12-25 11:00:00,0,0.0771707019974626,normal
2025-12-25 12:00:00,1,-0.010812224565362,anomaly
2025-12-25 13:00:00,0,0.0675542671363883,normal
2025-12-25 14:00:00,0,0.0891962922890458,normal
2025-12-25 15:00:00,0,0.0092001444007245,normal
2025-12-25 16:00:00,0,0.0945802483640529,normal
2025-12-25 17:00:00,0,0.0960764718611027,normal
2025-12-25 18:00:00,1,-0.005536701897328,anomaly
2025-12-25 19:00:00,0,0.0953535443755281,normal
2025-12-25 20:00:00,0,0.0149816476816725,normal
2025-12-25 21:00:00,0,0.0672933778217401,normal
2025-12-25 22:00:00,0,0.017059590930309,normal
2025-12-25 23:00:00,0,0.0685599969582845,normal
2025-12-26 00:00:00,1,-0.0093907997768821,anomaly
2025-12-26 01:00:00,0,0.036022316154141,normal
2025-12-26 02:00:00,0,0.0238117336514733,normal
2025-12-26 03:00:00,0,0.0626800711581859,normal
2025-12-26 04:00:00,0,0.0791717564271837,normal
2025-12-26 05:00:00,0,0.0881097249284905,normal
2025-12-26 06:00:00,0,0.0815535659325515,normal
2025-12-26 07:00:00,1,-0.0067829569624947,anomaly
2025-12-26 08:00:00,0,0.0267074121065133,normal
2025-12-26 09:00:00,0,0.0741606488287496,normal
2025-12-26 10:00:00,0,0.0902568386456956,normal
2025-12-26 11:00:00,0,0.0850564827697916,normal
2025-12-26 12:00:00,0,0.0047708303365848,normal
2025-12-26 13:00:00,0,0.0057396083949411,normal
2025-12-26 14:00:00,0,0.056395640792613,normal
2025-12-26 15:00:00,1,-0.0005090524751513,anomaly
2025-12-26 16:00:00,0,0.0901901780846259,normal
2025-12-26 17:00:00,0,0.0753626679022586,normal
2025-12-26 18:00:00,0,0.0884590412761563,normal
2025-12-26 19:00:00,0,0.0278017466634875,normal
2025-12-26 20:00:00,0,0.0910708583579217,normal
2025-12-26 21:00:00,0,0.096189301541271,normal
2025-12-26 22:00:00,0,0.0677059364882346,normal
2025-12-26 23:00:00,0,0.0693745674332921,normal
2025-12-27 00:00:00,0,0.0746874674490774,normal
2025-12-27 01:00:00,0,0.0771076216574756,normal
2025-12-27 02:00:00,1,-0.0507434228376583,anomaly
2025-12-27 03:00:00,0,0.093426169160841,normal
2025-12-27 04:00:00,0,0.0861453093687436,normal
2025-12-27 05:00:00,0,0.0761148373020188,normal
2025-12-27 06:00:00,1,-0.0149019393490353,anomaly
2025-12-27 07:00:00,0,0.0468416408008025,normal
2025-12-27 08:00:00,0,0.0610757135738848,normal
2025-12-27 09:00:00,0,0.0734310721692717,normal
2025-12-27 10:00:00,0,0.0962679622665321,normal
2025-12-27 11:00:00,0,0.0116087217383216,normal
2025-12-27 12:00:00,1,-0.0607498547449757,anomaly
2025-12-27 13:00:00,0,0.0918178639104256,normal
2025-12-27 14:00:00,0,0.0703290725898617,normal
2025-12-27 15:00:00,0,0.0218809952776566,normal
2025-12-27 16:00:00,0,0.0902655221854108,normal
2025-12-27 17:00:00,0,0.0730962517793903,normal
2025-12-27 18:00:00,0,0.0006582080694087,normal
2025-12-27 19:00:00,0,0.0969440975080546,normal
2025-12-27 20:00:00,0,0.092625527289301,normal
2025-12-27 21:00:00,0,0.0096923402548552,normal
2025-12-27 22:00:00,1,-0.0001144711607317,anomaly
2025-12-27 23:00:00,1,-0.0043407325527269,anomaly
2025-12-28 00:00:00,0,0.0316916159076459,normal
2025-12-28 01:00:00,0,0.0014457602541926,normal
2025-12-28 02:00:00,0,0.0935491592685432,normal
2025-12-28 03:00:00,0,0.011922711482564,normal
2025-12-28 04:00:00,1,-0.0517396626638954,anomaly
2025-12-28 05:00:00,1,-0.031050148487991,anomaly
2025-12-28 06:00:00,0,0.0897811846831226,normal
2025-12-28 07:00:00,1,-0.0177827378829309,anomaly
2025-12-28 08:00:00,0,0.023811199414505,normal
2025-12-28 09:00:00,0,0.0390644400344956,normal
2025-12-28 10:00:00,0,0.075201793044364,normal
2025-12-28 11:00:00,0,0.0333988630043341,normal
2025-12-28 12:00:00,0,0.0313855612344992,normal
2025-12-28 13:00:00,1,-0.0653045621923679,anomaly
2025-12-28 14:00:00,0,0.0267114081614793,normal
2025-12-28 15:00:00,0,0.0682311756482005,normal
2025-12-28 16:00:00,1,-0.0179903012110674,anomaly
2025-12-28 17:00:00,0,0.0628068513627073,normal
2025-12-28 18:00:00,1,-0.0050260953403411,anomaly
2025-12-28 19:00:00,0,0.0079603461343527,normal
2025-12-28 20:00:00,0,0.0115768288815398,normal
2025-12-28 21:00:00,1,-0.0071877326480125,anomaly
2025-12-28 22:00:00,0,0.0056329946689676,normal
2025-12-28 23:00:00,0,0.0188637007029865,normal
2025-12-29 00:00:00,0,0.1042635754993498,normal
2025-12-29 01:00:00,0,0.0486548442036789,normal
2025-12-29 02:00:00,0,0.0953588622931957,normal
2025-12-29 03:00:00,0,0.0277308979497793,normal
2025-12-29 04:00:00,0,0.017456635658625,normal
2025-12-29 05:00:00,0,0.091611062762865,normal
2025-12-29 06:00:00,0,0.0717132144687395,normal
2025-12-29 07:00:00,1,-0.0319107358075962,anomaly
2025-12-29 08:00:00,0,0.0946933760680431,normal
2025-12-29 09:00:00,0,0.0217888320828166,normal
2025-12-29 10:00:00,0,0.0984729549980024,normal
2025-12-29 11:00:00,1,-0.0717092671333639,anomaly
2025-12-29 12:00:00,0,0.0097245941552041,normal
2025-12-29 13:00:00,0,0.0812335053461635,normal
2025-12-29 14:00:00,0,0.0858797035390548,normal
2025-12-29 15:00:00,1,-0.0180995013489152,anomaly
2025-12-29 16:00:00,0,0.0520448292349254,normal
2025-12-29 17:00:00,0,0.0661754907817698,normal
2025-12-29 18:00:00,1,-0.0032770280739399,anomaly
2025-12-29 19:00:00,0,0.0784353248451296,normal
2025-12-29 20:00:00,0,0.0661617527901873,normal
2025-12-29 21:00:00,0,0.0343398296093734,normal
2025-12-29 22:00:00,0,0.0927071563704154,normal
2025-12-29 23:00:00,0,0.0750012249153833,normal
2025-12-30 00:00:00,0,0.0669713414900176,normal
2025-12-30 01:00:00,1,-0.0085674066437342,anomaly
2025-12-30 02:00:00,0,0.0246613829862631,normal
2025-12-30 03:00:00,0,0.083685472919368,normal
2025-12-30 04:00:00,0,0.0836469289150299,normal
2025-12-30 05:00:00,0,0.0066894435742334,normal
2025-12-30 06:00:00,0,0.0134644842645809,normal
2025-12-30 07:00:00,0,0.087338186631854,normal
2025-12-30 08:00:00,0,0.0582184560072959,normal
2025-12-30 09:00:00,0,0.0844999358582925,normal
2025-12-30 10:00:00,0,0.0024276108999558,normal
2025-12-30 11:00:00,1,-0.028215076394892,anomaly
2025-12-30 12:00:00,0,0.0864184076154946,normal
2025-12-30 13:00:00,0,0.100049715166525,normal
2025-12-30 14:00:00,0,0.0731590535104106,normal
2025-12-30 15:00:00,1,-0.0181811521779435,anomaly
2025-12-30 16:00:00,0,0.0622316292853124,normal
2025-12-30 17:00:00,1,-0.0052641051569705,anomaly
2025-12-30 18:00:00,1,-0.0096608867160324,anomaly
2025-12-30 19:00:00,0,0.0845976737458187,normal
2025-12-30 20:00:00,0,0.0936411811858146,normal
2025-12-30 21:00:00,0,0.0934498149212025,normal
2025-12-30 22:00:00,0,0.0157585560651541,normal
2025-12-30 23:00:00,0,0.0272083287524488,normal
2025-12-31 00:00:00,0,0.0830221175594561,normal
2025-12-31 01:00:00,1,-0.0185685833312785,anomaly
2025-12-31 02:00:00,1,-0.0128244683656624,anomaly
2025-12-31 03:00:00,0,0.0034783094382226,normal
2025-12-31 04:00:00,1,-0.0423980652071683,anomaly
2025-12-31 05:00:00,0,0.0874796122722967,normal
2025-12-31 06:00:00,1,-0.005461927657682,anomaly
2025-12-31 07:00:00,0,0.0807301755013194,normal
2025-12-31 08:00:00,1,-0.0165310128681157,anomaly
2025-12-31 09:00:00,0,0.0954774092058042,normal
2025-12-31 10:00:00,0,0.0923774443061692,normal
2025-12-31 11:00:00,1,-0.0115759455921311,anomaly
2025-12-31 12:00:00,0,0.0805459715857207,normal
2025-12-31 13:00:00,0,0.0986195429867474,normal
2025-12-31 14:00:00,0,0.0857632585632726,normal
2025-12-31 15:00:00,0,0.0885115841972949,normal
2025-12-31 16:00:00,0,0.0072679264648057,normal
2025-12-31 17:00:00,0,0.0740783729369337,normal
2025-12-31 18:00:00,0,0.1015443445991273,normal
2025-12-31 19:00:00,0,0.0024276108999558,normal
2025-12-31 20:00:00,0,0.0803454256382252,normal
2025-12-31 21:00:00,0,0.012594227745766,normal
2025-12-31 22:00:00,0,0.0759032851648214,normal
2025-12-31 23:00:00,1,-0.004739372417616,anomaly
2026-01-01 00:00:00,0,0.0055481509884041,normal
2026-01-01 01:00:00,0,0.0836044841797064,normal
2026-01-01 02:00:00,0,0.0198240542240293,normal
2026-01-01 03:00:00,1,-0.0003238332911209,anomaly
2026-01-01 04:00:00,0,0.000336880164951,normal
2026-01-01 05:00:00,1,-0.0108848168859917,anomaly
2026-01-01 06:00:00,1,-0.0500396497338138,anomaly
2026-01-01 07:00:00,0,0.0795443954669848,normal
2026-01-01 08:00:00,0,0.090661927939259,normal
2026-01-01 09:00:00,0,0.0366346115412034,normal
2026-01-01 10:00:00,0,0.0819989002599033,normal
2026-01-01 11:00:00,0,0.0302676215784833,normal
2026-01-01 12:00:00,1,-0.00580971265979,anomaly
2026-01-01 13:00:00,0,0.0265088749878457,normal
2026-01-01 14:00:00,0,0.0240800158720445,normal
2026-01-01 15:00:00,0,0.0676406031777746,normal
2026-01-01 16:00:00,0,0.0212213457465585,normal
2026-01-01 17:00:00,0,0.0004283447182232,normal
2026-01-01 18:00:00,0,0.0716077524050223,normal
2026-01-01 19:00:00,0,0.0754874194198295,normal
2026-01-01 20:00:00,0,0.0796758071678224,normal
2026-01-01 21:00:00,0,0.0610949883005359,normal
2026-01-01 22:00:00,0,0.0821784290717253,normal
2026-01-01 23:00:00,0,0.0995396629336415,normal
2026-01-02 00:00:00,0,0.0833733036059553,normal
2026-01-02 01:00:00,0,0.0121575723646004,normal
2026-01-02 02:00:00,0,0.0104415727940314,normal
2026-01-02 03:00:00,1,-0.0046104611278556,anomaly
2026-01-02 04:00:00,0,0.0660239408202143,normal
2026-01-02 05:00:00,0,0.0187027186863882,normal
2026-01-02 06:00:00,0,0.0803538846672739,normal
2026-01-02 07:00:00,0,0.000278163680324,normal
2026-01-02 08:00:00,0,0.0879844915917695,normal
2026-01-02 09:00:00,1,-0.0165531291887057,anomaly
2026-01-02 10:00:00,0,0.0261422969392911,normal
2026-01-02 11:00:00,0,0.0099924815187719,normal
2026-01-02 12:00:00,0,0.0933200393059445,normal
2026-01-02 13:00:00,0,0.0152144510037118,normal
2026-01-02 14:00:00,1,-0.0849634301157379,anomaly
2026-01-02 15:00:00,0,0.0795174355605409,normal
2026-01-02 16:00:00,0,0.0680427612838912,normal
2026-01-02 17:00:00,0,0.0057293430569347,normal
2026-01-02 18:00:00,0,0.0871950737349848,normal
2026-01-02 19:00:00,0,0.086930617941589,normal
2026-01-02 20:00:00,0,0.0757210331780899,normal
2026-01-02 21:00:00,0,0.0036699838983744,normal
2026-01-02 22:00:00,1,-0.0243114779072446,anomaly
2026-01-02 23:00:00,1,-0.0195192526559159,anomaly
2026-01-03 00:00:00,1,-0.0169388935442629,anomaly
2026-01-03 01:00:00,0,0.0871830508849808,normal
2026-01-03 02:00:00,1,-0.0769673964801982,anomaly
2026-01-03 03:00:00,0,0.0147998130880541,normal
2026-01-03 04:00:00,0,0.081117179061191,normal
2026-01-03 05:00:00,1,-0.0241065198849508,anomaly
2026-01-03 06:00:00,0,0.0722563632151999,normal
2026-01-03 07:00:00,0,0.0583544061922046,normal
2026-01-03 08:00:00,0,0.0061776660291421,normal
2026-01-03 09:00:00,0,0.0732194815811573,normal
2026-01-03 10:00:00,0,0.093426169160841,normal
2026-01-03 11:00:00,0,0.0063147292980006,normal
2026-01-03 12:00:00,0,0.0007621124087928,normal
2026-01-03 13:00:00,1,-0.0063134986497934,anomaly
2026-01-03 14:00:00,0,0.0705660985748601,normal
2026-01-03 15:00:00,0,0.0388272824927392,normal
2026-01-03 16:00:00,0,0.0028955716255782,normal
2026-01-03 17:00:00,0,0.0909382706416939,normal
2026-01-03 18:00:00,0,0.0859672486619319,normal
2026-01-03 19:00:00,0,0.0646278717545063,normal
2026-01-03 20:00:00,0,0.0225088555926756,normal
2026-01-03 21:00:00,0,0.0084924423101402,normal
2026-01-03 22:00:00,0,0.0361784492932536,normal
2026-01-03 23:00:00,0,0.1022082126308788,normal
2026-01-04 00:00:00,0,0.0964987390079423,normal
2026-01-04 01:00:00,0,0.08764581863434,normal
2026-01-04 02:00:00,0,0.0901535377205159,normal
2026-01-04 03:00:00,0,0.0820968796138374,normal
2026-01-04 04:00:00,1,-0.0408112425434641,anomaly
2026-01-04 05:00:00,1,-0.0216179568099857,anomaly
2026-01-04 06:00:00,0,0.0301610937061905,normal
2026-01-04 07:00:00,0,0.0028955716255782,normal
2026-01-04 08:00:00,1,-0.0042288714189251,anomaly
2026-01-04 09:00:00,0,0.013128162827573,normal
2026-01-04 10:00:00,1,-0.0106428186678081,anomaly
2026-01-04 11:00:00,0,0.0649328611087248,normal
2026-01-04 12:00:00,1,-0.0360650368064779,anomaly
2026-01-04 13:00:00,1,-0.0795915072742645,anomaly
2026-01-04 14:00:00,0,0.0867618386581692,normal
2026-01-04 15:00:00,0,0.0658719322802411,normal
2026-01-04 16:00:00,0,0.0286555839145615,normal
2026-01-04 17:00:00,0,0.0986816805494873,normal
2026-01-04 18:00:00,0,0.0887904881623845,normal
2026-01-04 19:00:00,0,0.0839848050774288,normal
2026-01-04 20:00:00,0,0.0850353855758196,normal
2026-01-04 21:00:00,0,0.0053311847537657,normal
2026-01-04 22:00:00,0,0.0407982872642384,normal
2026-01-04 23:00:00,0,0.002734772896121,normal
2026-01-05 00:00:00,0,0.0893250394279882,normal
2026-01-05 01:00:00,0,0.0661286477050889,normal
2026-01-05 02:00:00,0,0.097372363859194,normal
2026-01-05 03:00:00,1,-0.0307327135627242,anomaly
2026-01-05 04:00:00,0,0.0820051773825147,normal
2026-01-05 05:00:00,0,0.0666364067356604,normal
2026-01-05 06:00:00,0,0.0579374383534539,normal
2026-01-05 07:00:00,0,0.0335905535213471,normal
2026-01-05 08:00:00,1,-0.0311679691001679,anomaly
2026-01-05 09:00:00,0,0.098138650655501,normal
2026-01-05 10:00:00,0,0.0229396794009627,normal
2026-01-05 11:00:00,0,0.0925711843253682,normal
2026-01-05 12:00:00,0,0.030710015227346,normal
2026-01-05 13:00:00,0,0.0641280392091226,normal
2026-01-05 14:00:00,0,0.0190648313462458,normal
2026-01-05 15:00:00,0,0.0032341748895956,normal
2026-01-05 16:00:00,0,0.0941229237972034,normal
2026-01-05 17:00:00,0,0.0941923753127608,normal
2026-01-05 18:00:00,0,0.0577423553069632,normal
2026-01-05 19:00:00,0,0.0920711203978293,normal
2026-01-05 20:00:00,1,-0.0889524350581728,anomaly
2026-01-05 21:00:00,0,0.0004470587214748,normal
2026-01-05 22:00:00,0,0.0834018759107831,normal
2026-01-05 23:00:00,1,-0.0018809380872342,anomaly
2026-01-06 00:00:00,0,0.0823373064174525,normal
2026-01-06 01:00:00,0,0.0910465214320144,normal
2026-01-06 02:00:00,0,0.0019911239050746,normal
2026-01-06 03:00:00,1,-0.007772134824459,anomaly
2026-01-06 04:00:00,0,0.063769762688968,normal
2026-01-06 05:00:00,0,0.0307036888920476,normal
2026-01-06 06:00:00,0,0.0346216183815049,normal
2026-01-06 07:00:00,0,0.0833190227727984,normal
2026-01-06 08:00:00,0,0.0888359783117553,normal
2026-01-06 09:00:00,0,0.1015443445991273,normal
2026-01-06 10:00:00,0,0.0866675460608058,normal
2026-01-06 11:00:00,1,-0.0318118125473846,anomaly
2026-01-06 12:00:00,0,0.0583931158740131,normal
2026-01-06 13:00:00,0,0.0363459469331708,normal
2026-01-06 14:00:00,0,0.0287456894664335,normal
2026-01-06 15:00:00,1,-0.0063838535328895,anomaly
2026-01-06 16:00:00,0,0.0090575254389063,normal
2026-01-06 17:00:00,0,0.0807301755013194,normal
2026-01-06 18:00:00,0,0.0045603758985253,normal
2026-01-06 19:00:00,0,0.0710776387848204,normal
2026-01-06 20:00:00,1,-0.001530760469083,anomaly
2026-01-06 21:00:00,0,0.0783058108017543,normal
2026-01-06 22:00:00,0,0.0688518082923899,normal
2026-01-06 23:00:00,1,-0.010776749324722,anomaly
2026-01-07 00:00:00,0,0.0095661248844224,normal
2026-01-07 01:00:00,1,-0.1026527336877795,anomaly
2026-01-07 02:00:00,0,0.0599954822560794,normal
2026-01-07 03:00:00,1,-0.0346665664415266,anomaly
2026-01-07 04:00:00,0,0.0162639170224897,normal
2026-01-07 05:00:00,0,0.0941182641553022,normal
2026-01-07 06:00:00,0,0.093426169160841,normal
2026-01-07 07:00:00,0,0.0790810909319019,normal
2026-01-07 08:00:00,0,0.0903434631825139,normal
2026-01-07 09:00:00,1,-0.0408890027654043,anomaly
2026-01-07 10:00:00,1,-0.0907234632473091,anomaly
2026-01-07 11:00:00,0,0.097770878396867,normal
2026-01-07 12:00:00,1,-0.0082411930203584,anomaly
2026-01-07 13:00:00,1,-0.0054332405262128,anomaly
2026-01-07 14:00:00,0,0.0625701646511266,normal
2026-01-07 15:00:00,0,0.0719711500966677,normal
2026-01-07 16:00:00,0,0.0781755806414835,normal
2026-01-07 17:00:00,0,0.0181280299213472,normal
2026-01-07 18:00:00,1,-0.0065323102185971,anomaly
2026-01-07 19:00:00,0,0.1019253459171296,normal
2026-01-07 20:00:00,0,0.0573494531067173,normal
2026-01-07 21:00:00,0,0.0479306453707367,normal
2026-01-07 22:00:00,0,0.0141549067814392,normal
2026-01-07 23:00:00,0,0.0972757325518519,normal
2026-01-08 00:00:00,0,0.0303866145869265,normal
2026-01-08 01:00:00,0,0.0183054889212339,normal
2026-01-08 02:00:00,0,0.0008752978826945,normal
2026-01-08 03:00:00,0,0.074916565425116,normal
2026-01-08 04:00:00,0,0.0037498834625611,normal
2026-01-08 05:00:00,0,0.0895067572239766,normal
2026-01-08 06:00:00,0,0.0922715306699409,normal
2026-01-08 07:00:00,0,0.0789184261913201,normal
2026-01-08 08:00:00,0,0.0140807061302761,normal
2026-01-08 09:00:00,0,0.0629328545775392,normal
2026-01-08 10:00:00,0,0.0722781600543993,normal
2026-01-08 11:00:00,1,-0.0291451221019001,anomaly
2026-01-08 12:00:00,0,0.0671076410968835,normal
2026-01-08 13:00:00,0,0.0027808259749596,normal
2026-01-08 14:00:00,0,0.0222100989884602,normal
2026-01-08 15:00:00,1,-0.0011923093923605,anomaly
2026-01-08 16:00:00,0,0.0017115449672785,normal
2026-01-08 17:00:00,0,0.0924656707838785,normal
2026-01-08 18:00:00,0,0.078564911791132,normal
2026-01-08 19:00:00,0,0.0868098498925806,normal
2026-01-08 20:00:00,0,0.0032485219152549,normal
2026-01-08 21:00:00,0,0.0047545176249156,normal
2026-01-08 22:00:00,0,0.0677047848616452,normal
2026-01-08 23:00:00,1,-0.0206448506139516,anomaly
2026-01-09 00:00:00,0,0.0820458848073715,normal
2026-01-09 01:00:00,0,0.0112546257821782,normal
2026-01-09 02:00:00,0,0.0795604742628072,normal
2026-01-09 03:00:00,1,-0.0129910298995755,anomaly
2026-01-09 04:00:00,0,0.0057293430569347,normal
2026-01-09 05:00:00,0,0.0121193053354388,normal
2026-01-09 06:00:00,0,0.0325162808235018,normal
2026-01-09 07:00:00,0,0.0342964294255017,normal
2026-01-09 08:00:00,0,0.0808983607469931,normal
2026-01-09 09:00:00,1,-0.0141193969577337,anomaly
2026-01-09 10:00:00,0,0.0901713069450909,normal
2026-01-09 11:00:00,0,0.0840372474605268,normal
2026-01-09 12:00:00,0,0.0842871150022145,normal
2026-01-09 13:00:00,0,0.0169047060323133,normal
2026-01-09 14:00:00,0,0.0893414894760833,normal
2026-01-09 15:00:00,0,0.0835992840045235,normal
2026-01-09 16:00:00,0,0.0282904587913486,normal
2026-01-09 17:00:00,0,0.0713205527885496,normal
2026-01-09 18:00:00,1,-0.0062202397051898,anomaly
2026-01-09 19:00:00,0,0.0816937563485282,normal
2026-01-09 20:00:00,0,0.0171001739194206,normal
2026-01-09 21:00:00,1,-0.0058921368195273,anomaly
2026-01-09 22:00:00,0,0.0876078086301185,normal
2026-01-09 23:00:00,1,-0.0743723468144964,anomaly
2026-01-10 00:00:00,0,0.0149816476816725,normal
2026-01-10 01:00:00,0,0.0936411811858146,normal
2026-01-10 02:00:00,0,0.0533219589145537,normal
2026-01-10 03:00:00,0,0.015724218897035,normal
2026-01-10 04:00:00,0,0.0989541162053218,normal
2026-01-10 05:00:00,1,-0.0183289950000479,anomaly
2026-01-10 06:00:00,0,0.0893540609905585,normal
2026-01-10 07:00:00,0,0.0034970018815836,normal
2026-01-10 08:00:00,0,0.0259452369002821,normal
2026-01-10 09:00:00,0,0.0282886243367301,normal
2026-01-10 10:00:00,0,0.0298038516651529,normal
2026-01-10 11:00:00,0,0.0204219173759403,normal
2026-01-10 12:00:00,0,0.0532283165703756,normal
2026-01-10 13:00:00,1,-0.0444713764968455,anomaly
2026-01-10 14:00:00,1,-0.006291857002723,anomaly
2026-01-10 15:00:00,0,0.0329532904577236,normal
2026-01-10 16:00:00,0,0.0117345063691883,normal
2026-01-10 17:00:00,1,-0.0180662717352378,anomaly
2026-01-10 18:00:00,0,0.0186487426148692,normal
2026-01-10 19:00:00,0,0.0312408154992172,normal
2026-01-10 20:00:00,0,0.0848676516635869,normal
2026-01-10 21:00:00,0,0.0138975671228314,normal
2026-01-10 22:00:00,0,0.0796390311190901,normal
2026-01-10 23:00:00,0,0.0793853083582567,normal
2026-01-11 00:00:00,0,0.0071301688604241,normal
2026-01-11 01:00:00,0,0.0847817009398314,normal
2026-01-11 02:00:00,0,0.0659153857412139,normal
2026-01-11 03:00:00,1,-0.0037717958739553,anomaly
2026-01-11 04:00:00,0,0.0652752155853496,normal
2026-01-11 05:00:00,0,0.0820082194431338,normal
2026-01-11 06:00:00,1,-0.0114204395509258,anomaly
2026-01-11 07:00:00,0,0.0525079858641813,normal
2026-01-11 08:00:00,0,0.0576845175996618,normal
2026-01-11 09:00:00,0,0.0931646760300967,normal
2026-01-11 10:00:00,1,-0.0007142505413612,anomaly
2026-01-11 11:00:00,0,0.0146189875846355,normal
2026-01-11 12:00:00,0,0.0963588212059327,normal
2026-01-11 13:00:00,0,0.0798886782968206,normal
2026-01-11 14:00:00,0,0.0584891895533473,normal
2026-01-11 15:00:00,1,-0.0222510977046723,anomaly
2026-01-11 16:00:00,0,0.0911577238823356,normal
2026-01-11 17:00:00,0,0.0750566775424547,normal
2026-01-11 18:00:00,0,0.0321532517943459,normal
2026-01-11 19:00:00,0,0.0038315294182971,normal
2026-01-11 20:00:00,0,0.0176351750740125,normal
2026-01-11 21:00:00,1,-0.0283497226590863,anomaly
2026-01-11 22:00:00,0,0.0908972510711494,normal
2026-01-11 23:00:00,0,0.0029856615692911,normal
2026-01-12 00:00:00,0,0.0810053644970608,normal
2026-01-12 01:00:00,0,0.0333259441828753,normal
2026-01-12 02:00:00,0,0.0818145704209518,normal
2026-01-12 03:00:00,0,0.0797866269739139,normal
2026-01-12 04:00:00,0,0.0863263573955908,normal
2026-01-12 05:00:00,0,0.0971018263751407,normal
2026-01-12 06:00:00,0,0.0089186611024794,normal
2026-01-12 07:00:00,1,-0.0365879700541491,anomaly
2026-01-12 08:00:00,0,0.0589517771063661,normal
2026-01-12 09:00:00,0,0.081416551030107,normal
2026-01-12 10:00:00,0,0.0868384558207078,normal
2026-01-12 11:00:00,0,0.0252060553114089,normal
2026-01-12 12:00:00,0,0.0794165539339837,normal
2026-01-12 13:00:00,1,-0.0196501999046628,anomaly
2026-01-12 14:00:00,0,0.0275160907117364,normal
2026-01-12 15:00:00,0,0.0085855526011932,normal
2026-01-12 16:00:00,0,0.0100703677128983,normal
2026-01-12 17:00:00,0,0.0923556144373929,normal
2026-01-12 18:00:00,1,-0.0078268690805005,anomaly
2026-01-12 19:00:00,0,0.0456297363720282,normal
2026-01-12 20:00:00,0,0.0731777608168822,normal
2026-01-12 21:00:00,1,-0.0200386277756826,anomaly
2026-01-12 22:00:00,0,0.0966770282197375,normal
2026-01-12 23:00:00,1,-0.0145782323056393,anomaly
2026-01-13 00:00:00,0,0.0180284512551528,normal
2026-01-13 01:00:00,0,0.0657740726704588,normal
2026-01-13 02:00:00,1,-0.0618341877000337,anomaly
2026-01-13 03:00:00,0,0.0627531034616416,normal
2026-01-13 04:00:00,0,0.0814416995780225,normal
2026-01-13 05:00:00,0,0.0862926827528789,normal
2026-01-13 06:00:00,0,0.0050709774184715,normal
2026-01-13 07:00:00,1,-0.0071877326480125,anomaly
2026-01-13 08:00:00,0,0.0124619865838699,normal
2026-01-13 09:00:00,0,0.0764209535117735,normal
2026-01-13 10:00:00,0,0.0677294698595729,normal
2026-01-13 11:00:00,0,0.0791338418139477,normal
2026-01-13 12:00:00,0,0.0759880957276223,normal
2026-01-13 13:00:00,0,0.0934550888037554,normal
2026-01-13 14:00:00,1,-0.0007058203042821,anomaly
2026-01-13 15:00:00,1,-0.0183289950000479,anomaly
2026-01-13 16:00:00,0,0.0236719727063409,normal
2026-01-13 17:00:00,1,-0.0306060087712223,anomaly
2026-01-13 18:00:00,0,0.0324925496960488,normal
2026-01-13 19:00:00,0,0.0712865796541602,normal
2026-01-13 20:00:00,0,0.0721321520793154,normal
2026-01-13 21:00:00,0,0.0946305483764385,normal
2026-01-13 22:00:00,0,0.0032879481400095,normal
2026-01-13 23:00:00,0,0.0945124975211838,normal
2026-01-14 00:00:00,1,-0.0099324042706689,anomaly
2026-01-14 01:00:00,0,0.063257325533896,normal
2026-01-14 02:00:00,1,-0.0046162532430359,anomaly
2026-01-14 03:00:00,1,-0.006906911206215,anomaly
2026-01-14 04:00:00,0,0.0795264811848933,normal
2026-01-14 05:00:00,0,0.0216723639868573,normal
2026-01-14 06:00:00,0,0.0293419506232388,normal
2026-01-14 07:00:00,0,0.010782349633727,normal
2026-01-14 08:00:00,0,0.0023459407860865,normal
2026-01-14 09:00:00,0,0.0833102763807436,normal
2026-01-14 10:00:00,0,0.0974177763180256,normal
2026-01-14 11:00:00,0,0.0759830196235928,normal
2026-01-14 12:00:00,0,0.0895023383529643,normal
2026-01-14 13:00:00,0,0.0940091939723264,normal
2026-01-14 14:00:00,0,0.0787871865090212,normal
2026-01-14 15:00:00,0,0.0847573272376202,normal
2026-01-14 16:00:00,0,0.0258294415060196,normal
2026-01-14 17:00:00,1,-0.016759547795547,anomaly
2026-01-14 18:00:00,1,-0.0077353863760029,anomaly
2026-01-14 19:00:00,0,0.0926687965029318,normal
2026-01-14 20:00:00,0,0.0762440827153549,normal
2026-01-14 21:00:00,0,0.0661286477050889,normal
2026-01-14 22:00:00,0,0.0772342240348732,normal
2026-01-14 23:00:00,1,-0.0007604312102164,anomaly
2026-01-15 00:00:00,0,0.075449119637808,normal
2026-01-15 01:00:00,0,0.0073415554058718,normal
2026-01-15 02:00:00,0,0.081416551030107,normal
2026-01-15 03:00:00,0,0.0030674180808833,normal
2026-01-15 04:00:00,0,0.023303613181678,normal
2026-01-15 05:00:00,0,0.0853306442363817,normal
2026-01-15 06:00:00,0,0.0759588062188934,normal
2026-01-15 07:00:00,0,0.0863263573955908,normal
2026-01-15 08:00:00,1,-0.082794768635763,anomaly
2026-01-15 09:00:00,0,0.0888261070568889,normal
2026-01-15 10:00:00,1,-0.0349818235798295,anomaly
2026-01-15 11:00:00,0,0.0481147409076408,normal
2026-01-15 12:00:00,0,0.0874886312797072,normal
2026-01-15 13:00:00,0,0.071939172798349,normal
2026-01-15 14:00:00,1,-0.0063756382822108,anomaly
2026-01-15 15:00:00,0,0.0935852563451318,normal
2026-01-15 16:00:00,0,0.0880590709973559,normal
2026-01-15 17:00:00,0,0.0971801790673885,normal
2026-01-15 18:00:00,0,0.0353562445252809,normal
2026-01-15 19:00:00,1,-0.0277881138318273,anomaly
2026-01-15 20:00:00,0,0.0897099654372566,normal
2026-01-15 21:00:00,0,0.0854178555990199,normal
2026-01-15 22:00:00,0,0.0662969876125867,normal
2026-01-15 23:00:00,0,0.1032895991081433,normal
2026-01-16 00:00:00,0,0.0928089745524924,normal
2026-01-16 01:00:00,0,0.0938165351931873,normal
2026-01-16 02:00:00,0,0.0718044153668897,normal
2026-01-16 03:00:00,1,-0.0471230731436483,anomaly
2026-01-16 04:00:00,1,-0.0130225870200941,anomaly
2026-01-16 05:00:00,0,0.0110795631924215,normal
2026-01-16 06:00:00,1,-0.0885697582982406,anomaly
2026-01-16 07:00:00,0,0.0976500527938315,normal
2026-01-16 08:00:00,0,0.0136755437479606,normal
2026-01-16 09:00:00,0,0.0080725823681655,normal
2026-01-16 10:00:00,0,0.0858030783609102,normal
2026-01-16 11:00:00,0,0.0688379375527304,normal
2026-01-16 12:00:00,0,0.0911577238823356,normal
2026-01-16 13:00:00,0,0.1015443445991273,normal
2026-01-16 14:00:00,1,-0.0081773524274576,anomaly
2026-01-16 15:00:00,0,0.078939673774724,normal
2026-01-16 16:00:00,0,0.0875260696723748,normal
2026-01-16 17:00:00,0,0.0189493981512314,normal
2026-01-16 18:00:00,0,0.0204219173759403,normal
2026-01-16 19:00:00,1,-0.052077579455364,anomaly
2026-01-16 20:00:00,0,0.0673070447681331,normal
2026-01-16 21:00:00,0,0.0962204990288366,normal
2026-01-16 22:00:00,0,0.0326619962870199,normal
2026-01-16 23:00:00,0,0.0866731343988796,normal
2026-01-17 00:00:00,0,0.0846943448850934,normal
2026-01-17 01:00:00,0,0.0986816805494873,normal
2026-01-17 02:00:00,0,0.0100923391369917,normal
2026-01-17 03:00:00,0,0.0834976534809772,normal
2026-01-17 04:00:00,0,0.1009050643230237,normal
2026-01-17 05:00:00,0,0.0923341891512866,normal
2026-01-17 06:00:00,0,0.0750235867385148,normal
2026-01-17 07:00:00,0,0.0545472891443542,normal
2026-01-17 08:00:00,0,0.0831976868416245,normal
2026-01-17 09:00:00,0,0.0727136871422751,normal
2026-01-17 10:00:00,0,0.0422021254279327,normal
2026-01-17 11:00:00,0,0.0160978432906232,normal
2026-01-17 12:00:00,0,0.0024345744201392,normal
2026-01-17 13:00:00,0,0.0093961936013921,normal
2026-01-17 14:00:00,0,0.0717132144687395,normal
2026-01-17 15:00:00,0,0.0778236590869089,normal
2026-01-17 16:00:00,0,0.0312129752391033,normal
2026-01-17 17:00:00,0,0.0677915954709482,normal
2026-01-17 18:00:00,0,0.0848290952283965,normal
2026-01-17 19:00:00,0,0.0916455469156445,normal
2026-01-17 20:00:00,0,0.0920991299211144,normal
2026-01-17 21:00:00,0,0.0189206777306352,normal
2026-01-17 22:00:00,1,-0.0333992241454231,anomaly
2026-01-17 23:00:00,0,0.0260098111633423,normal
2026-01-18 00:00:00,0,0.0682218797504105,normal
2026-01-18 01:00:00,1,-0.0125354283960041,anomaly
2026-01-18 02:00:00,0,0.0786797745536036,normal
2026-01-18 03:00:00,0,0.018373832215589,normal
2026-01-18 04:00:00,1,-0.0071100680837756,anomaly
2026-01-18 05:00:00,0,0.0676900829383462,normal
2026-01-18 06:00:00,0,0.0850845150047854,normal
2026-01-18 07:00:00,0,0.0731777608168822,normal
2026-01-18 08:00:00,0,0.1017179154975212,normal
2026-01-18 09:00:00,0,0.089035546327333,normal
2026-01-18 10:00:00,0,0.0163863496819464,normal
2026-01-18 11:00:00,0,0.066374855325022,normal
2026-01-18 12:00:00,1,-0.0165936018818675,anomaly
2026-01-18 13:00:00,0,0.0759091078617828,normal
2026-01-18 14:00:00,0,0.0373000558538249,normal
2026-01-18 15:00:00,0,0.0823639044676159,normal
2026-01-18 16:00:00,1,-0.0300529439935108,anomaly
2026-01-18 17:00:00,0,0.0536995894138188,normal
2026-01-18 18:00:00,0,0.0261044340620997,normal
2026-01-18 19:00:00,0,0.083685472919368,normal
2026-01-18 20:00:00,0,0.0803081629063873,normal
2026-01-18 21:00:00,0,0.0835220126429182,normal
2026-01-18 22:00:00,0,0.0833502245157501,normal
2026-01-18 23:00:00,0,0.0932513022004425,normal
2026-01-19 00:00:00,0,0.0179461759029549,normal
2026-01-19 01:00:00,1,-0.0078257661344145,anomaly
2026-01-19 02:00:00,0,0.0248710336759414,normal
2026-01-19 03:00:00,1,-0.0113752603950467,anomaly
2026-01-19 04:00:00,1,-0.0007596742181062,anomaly
2026-01-19 05:00:00,0,0.0250859159396334,normal
2026-01-19 06:00:00,0,0.0929990603991237,normal
2026-01-19 07:00:00,1,-0.0108393255997172,anomaly
2026-01-19 08:00:00,1,-0.0406078640320899,anomaly
2026-01-19 09:00:00,0,0.0346767546426397,normal
2026-01-19 10:00:00,0,0.027182061453831,normal
2026-01-19 11:00:00,0,0.0720984967328569,normal
2026-01-19 12:00:00,1,-0.0100352202700146,anomaly
2026-01-19 13:00:00,0,0.0395214054646484,normal
2026-01-19 14:00:00,1,-0.0339472126654889,anomaly
2026-01-19 15:00:00,1,-0.0158441294997736,anomaly
2026-01-19 16:00:00,0,0.0053732033928223,normal
2026-01-19 17:00:00,0,0.0654207797729453,normal
2026-01-19 18:00:00,0,0.0826200135670959,normal
2026-01-19 19:00:00,0,0.0009653480638368,normal
2026-01-19 20:00:00,0,0.0237468424195438,normal
2026-01-19 21:00:00,1,-0.0466568756000239,anomaly
2026-01-19 22:00:00,0,0.038732801015217,normal
2026-01-19 23:00:00,0,0.0649328611087248,normal
2026-01-20 00:00:00,0,0.0151908303705856,normal
2026-01-20 01:00:00,0,0.1049311180629661,normal
2026-01-20 02:00:00,1,-0.0046938082296819,anomaly
2026-01-20 03:00:00,1,-0.0149078154395775,anomaly
2026-01-20 04:00:00,0,0.085455863655658,normal
2026-01-20 05:00:00,0,0.0003997203547624,normal
2026-01-20 06:00:00,0,0.0808644716760526,normal
2026-01-20 07:00:00,0,0.0950054313646599,normal
2026-01-20 08:00:00,1,-0.0088653113432695,anomaly
2026-01-20 09:00:00,0,0.0357230213484388,normal
2026-01-20 10:00:00,0,0.0590887113617505,normal
2026-01-20 11:00:00,0,0.0316987869566666,normal
2026-01-20 12:00:00,0,0.0791815553507581,normal
2026-01-20 13:00:00,0,0.0833622639462998,normal
2026-01-20 14:00:00,0,0.0514011456664044,normal
2026-01-20 15:00:00,0,0.003324276156676,normal
