log_time,request_method,response_code,bytes_sent,source_ip
2025-12-09 23:45:06,DELETE,403,296,192.168.21.138
2025-12-09 18:29:57,PUT,404,1320,192.168.116.49
2025-12-10 12:27:40,DELETE,404,2050,192.168.27.5
2025-12-10 02:17:23,POST,400,2622,192.168.114.178
2025-12-09 17:04:22,PUT,404,2059,192.168.73.66
2025-12-09 16:29:05,PUT,400,4538,192.168.226.136
2025-12-09 21:40:25,PUT,201,4756,192.168.112.121
2025-12-10 09:53:19,DELETE,201,840,192.168.29.89
2025-12-10 02:31:29,DELETE,200,2591,192.168.98.24
2025-12-10 14:55:49,GET,200,1519,192.168.23.79
2025-12-10 02:40:42,DELETE,201,652,192.168.226.207
2025-12-09 20:24:46,DELETE,200,1000,192.168.244.136
2025-12-09 16:21:30,GET,200,2850,192.168.30.208
2025-12-09 20:41:11,POST,403,4149,192.168.2.87
2025-12-10 07:15:56,DELETE,200,4674,192.168.223.159
2025-12-09 17:06:14,DELETE,500,2596,192.168.148.2
2025-12-09 20:46:05,GET,401,3986,192.168.33.188
2025-12-09 20:33:47,POST,400,1849,192.168.209.200
2025-12-09 22:22:38,DELETE,404,211,192.168.145.64
2025-12-10 01:26:33,PUT,401,4540,192.168.37.236
2025-12-10 04:12:00,POST,200,3193,192.168.166.201
2025-12-10 14:36:41,POST,200,637,192.168.138.164
2025-12-10 05:17:39,POST,404,4419,192.168.75.150
2025-12-10 08:17:28,POST,201,3705,192.168.42.38
2025-12-10 09:26:16,POST,401,1647,192.168.146.186
2025-12-10 10:54:19,GET,403,2405,192.168.60.56
2025-12-10 11:33:17,DELETE,401,242,192.168.179.123
2025-12-09 16:41:27,PUT,404,3176,192.168.183.104
2025-12-10 11:58:37,PUT,400,2986,192.168.105.165
2025-12-09 20:45:22,DELETE,401,1159,192.168.254.142
2025-12-10 00:51:50,DELETE,400,2461,192.168.200.76
2025-12-10 03:26:52,PUT,404,472,192.168.184.148
2025-12-10 06:27:20,PUT,200,4406,192.168.221.251
2025-12-09 22:23:18,DELETE,500,3972,192.168.88.118
2025-12-09 21:19:35,GET,500,649,192.168.195.153
2025-12-09 16:09:23,GET,200,1112,192.168.166.54
2025-12-09 23:47:18,PUT,400,4310,192.168.81.179
2025-12-09 21:37:02,PUT,500,2424,192.168.84.195
2025-12-10 04:31:10,PUT,500,4838,192.168.149.5
2025-12-09 17:40:31,GET,401,3957,192.168.42.218
2025-12-09 19:37:34,PUT,400,726,192.168.10.202
2025-12-10 11:17:23,PUT,201,2626,192.168.88.14
2025-12-09 17:14:15,DELETE,403,3880,192.168.223.147
2025-12-09 15:46:50,PUT,200,1336,192.168.179.100
2025-12-09 15:47:59,POST,500,102,192.168.83.218
2025-12-10 04:54:27,GET,404,4838,192.168.141.10
2025-12-10 14:02:08,POST,401,979,192.168.109.22
2025-12-09 17:27:12,GET,400,4259,192.168.75.177
2025-12-10 02:11:41,DELETE,500,3845,192.168.19.80
2025-12-10 14:38:46,POST,404,582,192.168.158.248
2025-12-10 00:46:35,POST,404,1303,192.168.111.73
2025-12-10 07:56:19,GET,404,3358,192.168.160.142
2025-12-10 14:43:40,PUT,200,4167,192.168.179.57
2025-12-10 07:22:40,POST,400,420,192.168.123.68
2025-12-09 23:05:27,GET,404,2755,192.168.39.124
2025-12-10 13:49:34,PUT,404,460,192.168.37.122
2025-12-10 12:43:09,DELETE,200,255,192.168.93.202
2025-12-10 11:12:40,GET,201,1665,192.168.78.85
2025-12-10 09:49:26,POST,200,2903,192.168.81.48
2025-12-10 10:13:33,PUT,200,3736,192.168.20.91
2025-12-10 13:12:14,POST,403,1493,192.168.179.133
2025-12-09 19:37:47,PUT,200,1039,192.168.100.22
2025-12-09 19:01:55,DELETE,201,240,192.168.232.49
2025-12-10 11:10:30,GET,404,986,192.168.184.59
2025-12-09 22:10:34,DELETE,400,382,192.168.69.60
2025-12-09 15:23:32,PUT,404,2179,192.168.196.146
2025-12-10 11:45:02,GET,401,1856,192.168.57.212
2025-12-09 23:50:15,POST,404,2777,192.168.253.215
2025-12-09 20:18:16,POST,200,2951,192.168.61.17
2025-12-10 03:16:20,DELETE,201,488,192.168.172.79
2025-12-10 10:02:56,GET,401,1318,192.168.125.66
2025-12-10 06:56:33,DELETE,401,238,192.168.182.59
2025-12-10 08:39:43,GET,403,3102,192.168.119.80
2025-12-10 08:50:46,PUT,200,1575,192.168.91.113
2025-12-09 19:56:07,GET,200,945,192.168.232.252
2025-12-10 07:39:14,POST,400,1024,192.168.12.64
2025-12-09 19:51:57,DELETE,400,4866,192.168.99.111
2025-12-09 17:53:05,DELETE,201,2351,192.168.82.66
2025-12-10 00:26:57,DELETE,404,1293,192.168.2.64
2025-12-09 21:56:47,PUT,404,3853,192.168.158.10
2025-12-10 05:29:26,POST,403,3147,192.168.57.123
2025-12-10 06:28:50,DELETE,400,4232,192.168.8.37
2025-12-10 00:05:58,PUT,400,2192,192.168.171.83
2025-12-10 10:46:20,GET,403,2040,192.168.201.31
2025-12-10 02:08:35,DELETE,400,4251,192.168.58.207
2025-12-09 23:50:35,DELETE,201,3450,192.168.193.15
2025-12-09 23:17:50,DELETE,200,1979,192.168.81.74
2025-12-10 05:18:31,POST,500,4858,192.168.146.180
2025-12-09 20:25:27,GET,201,111,192.168.114.55
2025-12-10 11:12:10,POST,201,2179,192.168.131.25
2025-12-10 10:41:08,DELETE,404,1004,192.168.164.143
2025-12-10 05:41:54,DELETE,403,235,192.168.61.18
2025-12-09 21:50:56,GET,201,2498,192.168.159.6
2025-12-09 23:25:37,PUT,500,1210,192.168.41.140
2025-12-10 14:37:08,DELETE,200,4710,192.168.74.1
2025-12-09 20:15:09,POST,400,1040,192.168.169.201
2025-12-09 18:05:52,GET,401,1175,192.168.79.173
2025-12-09 22:41:59,GET,404,4863,192.168.249.206
2025-12-10 11:55:11,PUT,403,4679,192.168.27.76
2025-12-09 16:04:58,GET,401,1610,192.168.192.123
2025-12-10 04:15:01,GET,200,1103,192.168.162.20
2025-12-09 20:29:41,PUT,200,1796,192.168.178.133
2025-12-10 06:36:27,PUT,400,1370,192.168.50.83
2025-12-10 05:53:36,DELETE,403,3215,192.168.171.126
2025-12-10 12:15:31,DELETE,403,3996,192.168.134.87
2025-12-09 21:49:57,GET,404,1033,192.168.68.121
2025-12-09 17:43:39,DELETE,401,3190,192.168.61.204
2025-12-09 21:25:23,GET,500,3977,192.168.166.186
2025-12-10 09:58:54,DELETE,401,1370,192.168.34.113
2025-12-09 15:10:20,GET,200,922,192.168.243.119
2025-12-10 04:59:43,POST,400,3949,192.168.82.42
2025-12-09 22:50:58,GET,404,3706,192.168.65.210
2025-12-09 19:43:45,GET,404,1018,192.168.100.241
2025-12-10 02:37:23,GET,500,1868,192.168.88.171
2025-12-10 05:05:46,GET,400,2021,192.168.126.83
2025-12-10 04:50:38,POST,403,3308,192.168.209.164
2025-12-09 18:56:45,GET,200,4253,192.168.27.91
2025-12-10 03:35:18,POST,404,1592,192.168.88.32
2025-12-10 07:07:03,DELETE,200,3983,192.168.242.236
2025-12-10 07:57:21,POST,201,1515,192.168.59.212
2025-12-09 17:52:30,POST,201,1421,192.168.13.235
2025-12-09 16:53:45,DELETE,401,3496,192.168.35.154
2025-12-10 11:22:51,POST,404,2078,192.168.184.120
2025-12-09 20:48:36,PUT,400,3431,192.168.60.248
2025-12-10 06:09:26,DELETE,500,2820,192.168.220.192
2025-12-10 07:25:45,GET,200,1254,192.168.182.84
2025-12-10 14:57:20,POST,403,1333,192.168.85.11
2025-12-09 16:03:18,GET,201,1477,192.168.49.98
2025-12-10 08:46:36,GET,201,2610,192.168.253.113
2025-12-10 03:01:45,GET,400,2600,192.168.209.13
2025-12-09 18:14:39,GET,400,783,192.168.119.222
2025-12-09 21:07:24,PUT,201,929,192.168.100.64
2025-12-10 00:17:10,PUT,200,517,192.168.201.61
2025-12-09 16:37:01,POST,200,4833,192.168.55.211
2025-12-09 15:22:05,DELETE,201,212,192.168.32.133
2025-12-10 02:25:12,POST,201,4645,192.168.80.116
2025-12-10 13:20:41,GET,400,281,192.168.103.168
2025-12-10 01:35:04,PUT,200,2595,192.168.128.207
2025-12-10 01:18:44,POST,200,233,192.168.83.146
2025-12-09 22:06:26,POST,401,2388,192.168.152.111
2025-12-09 20:25:26,POST,500,322,192.168.249.186
2025-12-10 05:33:44,POST,403,1205,192.168.118.15
2025-12-10 13:59:16,DELETE,401,1088,192.168.78.220
2025-12-10 01:00:28,GET,201,587,192.168.203.45
2025-12-10 09:18:29,GET,403,3722,192.168.136.129
2025-12-10 07:00:16,PUT,200,2031,192.168.5.133
2025-12-10 07:59:45,GET,500,3654,192.168.161.175
2025-12-09 22:18:04,DELETE,200,458,192.168.101.98
2025-12-10 10:52:21,POST,400,4297,192.168.10.15
2025-12-09 18:26:45,POST,201,4872,192.168.78.207
2025-12-10 04:11:36,POST,400,1044,192.168.190.247
2025-12-09 21:59:06,PUT,403,3971,192.168.140.52
2025-12-09 17:18:54,DELETE,404,704,192.168.122.11
2025-12-09 21:43:10,POST,500,1417,192.168.209.227
2025-12-09 19:25:10,PUT,400,3758,192.168.48.229
2025-12-09 16:08:20,GET,400,3138,192.168.159.107
2025-12-09 23:01:07,DELETE,500,2122,192.168.221.128
2025-12-10 02:05:55,DELETE,404,1046,192.168.21.90
2025-12-09 17:12:16,POST,404,2759,192.168.161.60
2025-12-09 15:58:21,GET,200,2886,192.168.223.213
2025-12-10 11:54:50,DELETE,500,4412,192.168.89.202
2025-12-10 13:31:55,GET,403,4469,192.168.108.242
2025-12-10 02:21:28,GET,403,635,192.168.94.37
2025-12-09 22:12:39,GET,401,1562,192.168.199.178
2025-12-10 01:44:12,PUT,403,2860,192.168.155.197
2025-12-09 18:37:43,GET,500,1549,192.168.220.32
2025-12-10 09:17:44,POST,403,2445,192.168.179.36
2025-12-10 07:55:10,DELETE,401,250,192.168.14.76
2025-12-10 09:37:39,GET,201,4322,192.168.126.188
2025-12-10 08:02:56,GET,404,3919,192.168.251.244
2025-12-09 21:05:07,PUT,500,1033,192.168.68.244
2025-12-09 22:35:50,DELETE,200,322,192.168.179.97
2025-12-10 02:01:41,PUT,401,3354,192.168.10.155
2025-12-10 06:18:35,GET,400,286,192.168.23.138
2025-12-09 18:17:39,POST,500,2945,192.168.156.223
2025-12-10 05:00:00,PUT,401,2802,192.168.185.51
2025-12-09 19:41:13,DELETE,401,2006,192.168.252.204
2025-12-09 15:38:40,DELETE,201,331,192.168.26.87
2025-12-10 10:46:15,DELETE,404,4868,192.168.151.215
2025-12-10 11:15:40,POST,201,3082,192.168.113.240
2025-12-10 09:16:43,GET,404,2679,192.168.44.240
2025-12-10 06:56:54,POST,403,2069,192.168.102.75
2025-12-09 23:58:55,PUT,201,2385,192.168.63.148
2025-12-10 12:05:17,DELETE,401,3615,192.168.162.116
2025-12-10 05:09:03,PUT,200,4494,192.168.68.227
2025-12-10 09:01:41,PUT,200,476,192.168.121.108
2025-12-10 07:34:37,POST,201,837,192.168.43.195
2025-12-10 06:19:16,PUT,201,510,192.168.5.77
2025-12-10 00:13:19,PUT,500,471,192.168.66.64
2025-12-10 13:28:50,DELETE,201,3325,192.168.100.35
2025-12-10 14:08:20,PUT,400,2024,192.168.236.49
2025-12-09 19:09:52,POST,400,920,192.168.222.175
2025-12-10 10:29:14,DELETE,403,145,192.168.79.196
2025-12-10 03:47:05,POST,403,1145,192.168.226.180
2025-12-09 16:02:04,PUT,401,1869,192.168.225.35
2025-12-10 01:06:29,PUT,200,3357,192.168.3.33
2025-12-09 21:08:37,POST,400,2042,192.168.61.120
2025-12-09 19:33:20,DELETE,401,2166,192.168.85.36
2025-12-10 06:09:25,DELETE,403,691,192.168.82.103
2025-12-10 11:26:59,PUT,500,3521,192.168.208.115
2025-12-10 07:15:21,DELETE,401,1513,192.168.130.246
2025-12-09 20:06:25,DELETE,201,1409,192.168.10.4
2025-12-10 12:17:24,GET,200,1890,192.168.165.91
2025-12-10 05:38:29,PUT,400,4727,192.168.8.94
2025-12-10 06:42:06,POST,404,400,192.168.75.227
2025-12-10 11:27:43,PUT,201,4567,192.168.240.78
2025-12-09 20:35:38,DELETE,400,2481,192.168.244.151
2025-12-10 11:33:56,PUT,403,4392,192.168.244.76
2025-12-10 04:30:46,GET,200,4479,192.168.243.97
2025-12-09 16:42:43,GET,201,3728,192.168.76.162
2025-12-09 21:49:01,GET,401,3954,192.168.166.95
2025-12-09 23:54:38,DELETE,500,3274,192.168.190.151
2025-12-10 04:13:24,DELETE,403,4065,192.168.208.4
2025-12-10 04:22:54,POST,404,1370,192.168.140.15
2025-12-10 12:02:40,GET,400,3534,192.168.46.12
2025-12-10 05:57:10,GET,400,2838,192.168.253.172
2025-12-09 15:45:55,PUT,201,3254,192.168.115.206
2025-12-09 15:29:03,GET,404,2552,192.168.166.186
2025-12-09 21:38:48,POST,201,3381,192.168.78.147
2025-12-10 08:15:25,PUT,403,3570,192.168.215.128
2025-12-10 03:00:12,DELETE,500,2988,192.168.184.82
2025-12-09 23:40:54,GET,201,3324,192.168.231.34
2025-12-10 11:07:51,POST,500,1819,192.168.97.144
2025-12-10 10:36:48,PUT,201,4974,192.168.244.26
2025-12-10 00:31:49,PUT,200,2020,192.168.78.48
2025-12-09 18:33:45,GET,201,4902,192.168.231.44
2025-12-10 07:24:24,GET,400,800,192.168.218.69
2025-12-10 11:17:54,POST,403,3206,192.168.173.169
2025-12-10 01:51:25,DELETE,404,3705,192.168.193.50
2025-12-09 18:03:10,GET,200,1093,192.168.60.214
2025-12-10 07:01:51,GET,403,539,192.168.77.200
2025-12-10 02:37:33,PUT,201,2504,192.168.184.242
2025-12-10 10:33:19,GET,200,3903,192.168.170.57
2025-12-10 12:09:10,POST,400,1245,192.168.68.185
2025-12-09 21:29:48,PUT,400,2370,192.168.204.58
2025-12-09 23:51:08,POST,403,1362,192.168.222.149
2025-12-10 02:26:29,DELETE,404,2942,192.168.1.94
2025-12-10 02:01:31,DELETE,404,420,192.168.109.13
2025-12-10 10:29:22,GET,401,2140,192.168.179.232
2025-12-09 22:47:44,PUT,400,2307,192.168.30.103
2025-12-09 18:21:02,GET,200,1617,192.168.35.162
2025-12-10 04:24:33,POST,404,3995,192.168.149.89
2025-12-09 20:04:07,POST,403,4127,192.168.46.196
2025-12-10 11:17:43,DELETE,404,4057,192.168.222.207
2025-12-09 18:23:02,PUT,401,2661,192.168.54.176
2025-12-10 13:40:07,GET,401,3283,192.168.69.113
2025-12-09 21:00:08,PUT,403,1101,192.168.91.81
2025-12-10 09:21:58,PUT,400,1769,192.168.167.133
2025-12-10 02:46:27,DELETE,500,4117,192.168.19.27
2025-12-09 19:28:06,PUT,201,4808,192.168.137.59
2025-12-09 21:07:27,POST,403,938,192.168.34.211
2025-12-10 13:01:14,POST,401,4182,192.168.159.18
2025-12-10 13:38:36,DELETE,403,4457,192.168.21.80
2025-12-10 09:46:57,PUT,500,4310,192.168.250.164
2025-12-10 04:50:58,DELETE,401,4144,192.168.89.158
2025-12-10 14:14:17,DELETE,201,494,192.168.136.237
2025-12-10 07:55:49,DELETE,500,2263,192.168.38.140
2025-12-10 14:55:36,GET,201,4440,192.168.234.177
2025-12-10 11:50:28,GET,200,4967,192.168.150.177
2025-12-09 15:22:30,GET,201,826,192.168.157.103
2025-12-09 15:46:05,PUT,401,3227,192.168.173.138
2025-12-09 21:54:08,GET,401,850,192.168.164.169
2025-12-09 16:22:48,POST,401,1436,192.168.120.217
2025-12-10 09:51:33,DELETE,404,318,192.168.137.184
2025-12-10 12:47:40,DELETE,403,3917,192.168.97.90
2025-12-10 14:51:58,POST,400,3254,192.168.79.143
2025-12-10 11:03:07,DELETE,400,150,192.168.20.131
2025-12-10 01:54:19,GET,400,1532,192.168.235.139
2025-12-09 15:46:32,PUT,404,938,192.168.248.124
2025-12-10 02:28:56,POST,200,1873,192.168.186.213
2025-12-09 17:04:09,POST,400,3248,192.168.176.50
2025-12-09 15:33:08,PUT,201,3342,192.168.103.181
2025-12-09 21:13:19,DELETE,404,4234,192.168.163.7
2025-12-10 06:25:31,POST,400,2739,192.168.53.250
2025-12-09 20:27:41,DELETE,403,3887,192.168.40.168
2025-12-09 15:54:25,DELETE,201,1838,192.168.229.163
2025-12-10 08:04:38,DELETE,400,3425,192.168.112.128
2025-12-09 16:15:18,DELETE,200,4340,192.168.200.83
2025-12-10 01:17:13,PUT,200,2799,192.168.135.36
2025-12-09 23:01:35,GET,500,4949,192.168.229.177
2025-12-10 03:44:12,POST,401,846,192.168.139.167
2025-12-10 11:45:15,PUT,401,4481,192.168.177.200
2025-12-09 20:25:40,GET,404,3393,192.168.222.187
2025-12-09 16:18:28,GET,404,4035,192.168.205.209
2025-12-09 19:29:00,DELETE,200,797,192.168.190.80
2025-12-09 23:09:34,GET,404,4840,192.168.17.167
2025-12-09 22:01:30,DELETE,200,1525,192.168.49.121
2025-12-10 04:23:09,POST,500,3168,192.168.46.171
2025-12-10 07:23:13,DELETE,200,547,192.168.19.243
2025-12-10 03:10:30,POST,200,620,192.168.152.97
2025-12-09 19:43:10,POST,400,1168,192.168.115.155
2025-12-10 12:26:13,DELETE,400,2603,192.168.242.127
2025-12-10 02:46:29,POST,400,3229,192.168.62.198
2025-12-09 23:39:53,POST,401,2134,192.168.116.26
2025-12-10 01:17:52,PUT,200,1377,192.168.143.113
2025-12-09 23:43:01,PUT,403,4463,192.168.17.239
2025-12-09 18:01:04,PUT,401,4974,192.168.110.133
2025-12-10 11:00:59,POST,500,4298,192.168.226.113
2025-12-10 05:10:03,DELETE,200,3717,192.168.23.148
2025-12-09 20:03:43,POST,401,4728,192.168.96.183
2025-12-09 18:14:40,GET,401,540,192.168.127.17
2025-12-09 16:22:23,GET,500,2820,192.168.110.110
2025-12-09 20:11:56,GET,400,1403,192.168.216.243
2025-12-10 02:35:19,DELETE,400,2031,192.168.220.215
2025-12-10 01:52:27,POST,201,4825,192.168.226.130
2025-12-09 19:36:35,POST,401,1750,192.168.182.99
2025-12-10 11:03:28,GET,404,1931,192.168.71.80
2025-12-09 15:21:22,PUT,400,3605,192.168.106.118
2025-12-09 20:23:53,PUT,404,3421,192.168.58.238
2025-12-10 00:08:00,POST,404,4312,192.168.156.231
2025-12-09 18:37:38,POST,200,3464,192.168.61.191
2025-12-10 11:03:26,PUT,404,408,192.168.196.26
2025-12-10 09:09:48,POST,400,631,192.168.75.206
2025-12-10 01:48:14,DELETE,401,1437,192.168.114.33
2025-12-10 14:49:28,POST,403,4210,192.168.227.167
2025-12-10 07:28:08,DELETE,401,771,192.168.205.234
2025-12-10 01:58:50,POST,401,720,192.168.22.71
2025-12-10 07:26:11,POST,200,2388,192.168.86.60
2025-12-10 14:18:06,PUT,400,4750,192.168.209.185
2025-12-10 12:34:09,POST,201,1397,192.168.195.75
2025-12-10 07:41:32,PUT,401,761,192.168.185.248
2025-12-10 05:44:46,DELETE,500,854,192.168.108.40
2025-12-10 00:22:40,POST,404,4631,192.168.20.21
2025-12-09 16:23:34,POST,404,3559,192.168.92.210
2025-12-09 21:36:13,DELETE,500,780,192.168.126.220
2025-12-10 03:08:44,PUT,500,2590,192.168.50.238
2025-12-10 04:05:16,DELETE,200,804,192.168.139.196
2025-12-10 07:39:03,POST,201,3244,192.168.163.248
2025-12-09 15:46:46,POST,500,3803,192.168.141.34
2025-12-09 18:32:13,GET,400,2525,192.168.147.187
2025-12-09 23:40:49,PUT,400,4517,192.168.87.82
2025-12-10 12:12:49,POST,404,1544,192.168.73.35
2025-12-09 21:46:40,PUT,201,3893,192.168.142.218
2025-12-10 07:25:22,PUT,401,2090,192.168.39.139
2025-12-10 09:32:00,PUT,404,4504,192.168.44.141
2025-12-09 16:56:03,GET,200,1402,192.168.85.202
2025-12-09 17:36:18,DELETE,401,3237,192.168.225.52
2025-12-10 03:08:53,DELETE,403,4268,192.168.56.24
2025-12-10 01:33:43,PUT,401,2507,192.168.26.167
2025-12-09 19:28:21,GET,401,4145,192.168.78.226
2025-12-09 22:37:32,GET,401,1831,192.168.151.217
2025-12-09 17:30:15,DELETE,500,2783,192.168.16.57
2025-12-09 23:39:12,PUT,201,4738,192.168.32.74
2025-12-10 11:06:32,DELETE,500,3294,192.168.71.50
2025-12-09 17:06:40,DELETE,200,2992,192.168.108.47
2025-12-10 10:55:23,GET,401,3349,192.168.75.227
2025-12-10 12:56:09,PUT,403,3147,192.168.98.105
2025-12-09 19:13:17,POST,403,1172,192.168.254.35
2025-12-10 10:13:26,POST,400,2724,192.168.117.70
2025-12-10 11:29:34,GET,400,3756,192.168.80.204
2025-12-10 02:25:14,PUT,401,1711,192.168.236.208
2025-12-09 23:08:18,DELETE,401,4708,192.168.242.117
2025-12-10 07:48:49,PUT,201,1168,192.168.48.250
2025-12-10 08:50:44,POST,201,3395,192.168.26.189
2025-12-09 15:48:22,GET,500,2887,192.168.229.103
2025-12-09 17:46:51,POST,200,971,192.168.168.50
2025-12-09 16:01:21,DELETE,201,2522,192.168.100.83
2025-12-10 14:22:23,GET,403,4743,192.168.47.27
2025-12-10 08:14:31,PUT,404,3193,192.168.17.215
2025-12-09 17:53:17,DELETE,403,3459,192.168.43.182
2025-12-10 00:10:30,DELETE,400,4445,192.168.167.6
2025-12-10 07:49:03,DELETE,401,3777,192.168.169.157
2025-12-09 20:43:16,POST,200,4843,192.168.12.183
2025-12-10 04:32:09,GET,401,1672,192.168.94.62
2025-12-10 13:48:37,PUT,400,4112,192.168.175.50
2025-12-10 08:25:23,POST,400,2330,192.168.7.234
2025-12-10 10:27:05,DELETE,400,4682,192.168.192.227
2025-12-10 08:33:21,POST,403,512,192.168.104.224
2025-12-10 14:42:11,DELETE,404,4419,192.168.65.142
2025-12-10 13:08:55,GET,403,1579,192.168.80.27
2025-12-09 22:46:03,GET,400,3755,192.168.209.109
2025-12-10 14:27:33,DELETE,500,1747,192.168.161.205
2025-12-10 12:54:33,GET,404,3142,192.168.112.254
2025-12-09 20:54:57,GET,404,970,192.168.92.32
2025-12-09 19:09:22,DELETE,200,2194,192.168.28.25
2025-12-09 16:45:20,GET,500,3415,192.168.93.192
2025-12-09 18:21:07,GET,400,2916,192.168.111.98
2025-12-09 20:28:12,POST,201,990,192.168.149.245
2025-12-10 01:41:27,PUT,404,4382,192.168.160.177
2025-12-10 03:24:43,DELETE,401,949,192.168.143.50
2025-12-09 18:05:44,DELETE,500,3967,192.168.197.201
2025-12-10 08:59:48,PUT,200,2050,192.168.213.138
2025-12-10 10:35:00,GET,401,4613,192.168.25.133
2025-12-10 02:09:34,DELETE,200,3305,192.168.214.204
2025-12-10 04:58:13,POST,401,3119,192.168.223.53
2025-12-09 17:49:48,DELETE,400,2456,192.168.204.149
2025-12-10 07:21:43,DELETE,403,983,192.168.20.40
2025-12-09 19:41:34,POST,201,3132,192.168.154.25
2025-12-10 08:05:15,PUT,401,1425,192.168.35.232
2025-12-10 13:58:20,DELETE,200,2511,192.168.37.85
2025-12-09 19:41:37,GET,500,3851,192.168.25.8
2025-12-10 03:09:12,PUT,200,2354,192.168.58.112
2025-12-10 00:25:56,GET,404,4465,192.168.239.251
2025-12-10 12:13:54,PUT,500,3119,192.168.168.180
2025-12-10 07:57:40,DELETE,403,1537,192.168.25.12
2025-12-10 01:02:43,PUT,500,2550,192.168.63.33
2025-12-10 05:13:55,PUT,401,314,192.168.64.48
2025-12-09 19:49:40,POST,404,4047,192.168.214.108
2025-12-10 09:26:05,DELETE,404,1751,192.168.231.198
2025-12-09 19:14:51,PUT,404,3035,192.168.17.142
2025-12-10 00:00:44,POST,404,1980,192.168.223.170
2025-12-10 12:22:04,PUT,404,3816,192.168.223.133
2025-12-10 03:34:51,DELETE,404,363,192.168.24.158
2025-12-10 04:26:56,PUT,401,4461,192.168.200.79
2025-12-09 18:39:28,POST,401,3156,192.168.240.79
2025-12-09 20:11:37,PUT,201,4734,192.168.28.181
2025-12-10 09:14:09,POST,200,1685,192.168.126.229
2025-12-10 08:01:03,POST,500,3167,192.168.227.109
2025-12-09 21:53:01,DELETE,500,278,192.168.117.224
2025-12-10 04:31:42,POST,200,1899,192.168.227.238
2025-12-09 21:35:20,PUT,400,2097,192.168.232.62
2025-12-10 03:53:17,POST,404,3329,192.168.76.38
2025-12-10 11:58:58,PUT,404,1893,192.168.62.96
2025-12-09 15:41:39,DELETE,500,4732,192.168.163.86
2025-12-10 12:11:07,PUT,401,3247,192.168.245.4
2025-12-10 06:53:58,DELETE,201,810,192.168.156.120
2025-12-09 18:29:38,POST,403,1607,192.168.189.12
2025-12-10 12:13:47,POST,500,1470,192.168.21.3
2025-12-10 12:12:22,GET,400,3084,192.168.113.198
2025-12-09 19:23:03,GET,200,3638,192.168.74.207
2025-12-10 14:21:17,DELETE,200,2516,192.168.86.232
2025-12-10 08:21:43,PUT,201,600,192.168.248.135
2025-12-10 04:18:31,GET,201,3314,192.168.100.42
2025-12-09 20:34:00,PUT,201,3094,192.168.233.44
2025-12-10 12:05:46,POST,401,4211,192.168.78.160
2025-12-09 22:53:24,DELETE,403,4368,192.168.105.146
2025-12-10 03:51:36,POST,400,2569,192.168.149.209
2025-12-10 15:04:55,PUT,201,1021,192.168.199.181
2025-12-10 11:49:51,POST,401,1318,192.168.173.17
2025-12-09 20:12:14,POST,500,2731,192.168.171.96
2025-12-10 05:32:09,POST,403,2780,192.168.91.143
2025-12-09 16:49:47,GET,400,2652,192.168.109.107
2025-12-10 00:16:05,DELETE,401,3921,192.168.97.52
2025-12-10 02:16:53,GET,403,3655,192.168.36.15
2025-12-09 18:53:34,PUT,403,2261,192.168.14.67
2025-12-09 19:16:53,POST,404,504,192.168.214.70
2025-12-09 16:37:36,GET,200,4202,192.168.148.2
2025-12-10 06:34:03,GET,401,1907,192.168.139.37
2025-12-10 09:18:14,POST,201,931,192.168.159.225
2025-12-10 01:09:15,DELETE,201,387,192.168.219.180
2025-12-09 15:43:29,DELETE,403,301,192.168.93.212
2025-12-10 01:46:18,GET,403,3116,192.168.107.23
2025-12-09 17:05:16,POST,401,4092,192.168.73.224
2025-12-09 16:29:59,POST,400,4512,192.168.49.193
2025-12-10 07:18:56,PUT,201,1630,192.168.148.79
2025-12-09 20:45:32,DELETE,201,2113,192.168.191.174
2025-12-09 22:25:38,POST,500,372,192.168.217.165
2025-12-09 19:50:42,GET,201,780,192.168.174.43
2025-12-09 22:09:46,GET,401,4774,192.168.164.63
2025-12-10 04:53:17,DELETE,404,865,192.168.178.69
2025-12-09 22:13:50,POST,401,1487,192.168.105.238
2025-12-09 19:05:28,GET,201,2616,192.168.86.255
2025-12-10 07:22:39,GET,404,2672,192.168.74.64
2025-12-09 17:39:34,POST,403,1597,192.168.59.167
2025-12-10 04:28:27,POST,500,3299,192.168.144.65
2025-12-10 03:41:56,PUT,201,532,192.168.14.247
2025-12-10 04:55:21,DELETE,500,2658,192.168.19.19
2025-12-10 03:01:45,PUT,403,925,192.168.147.10
2025-12-10 01:47:01,DELETE,500,4672,192.168.176.67
2025-12-10 13:26:58,GET,400,3431,192.168.115.184
2025-12-10 01:26:38,POST,401,174,192.168.9.193
2025-12-10 03:03:40,PUT,403,1099,192.168.215.177
2025-12-10 02:17:36,DELETE,403,1888,192.168.181.133
2025-12-09 20:08:21,PUT,404,1357,192.168.46.235
2025-12-10 06:34:53,GET,500,787,192.168.233.167
2025-12-10 14:16:21,PUT,500,1850,192.168.184.217
2025-12-09 15:05:15,GET,400,385,192.168.145.159
2025-12-10 07:18:31,PUT,403,3994,192.168.132.185
2025-12-10 03:25:59,GET,404,3232,192.168.224.141
2025-12-10 09:13:15,POST,401,1270,192.168.22.236
2025-12-09 17:37:20,GET,401,3050,192.168.215.99
2025-12-10 06:11:08,PUT,400,3105,192.168.226.43
2025-12-09 22:26:13,POST,401,3136,192.168.136.137
2025-12-10 00:40:22,PUT,401,3790,192.168.194.88
2025-12-10 07:55:27,GET,403,776,192.168.80.143
2025-12-10 14:11:50,POST,500,2860,192.168.88.27
2025-12-09 15:54:36,GET,201,3167,192.168.115.112
2025-12-10 05:45:47,POST,400,4264,192.168.245.153
2025-12-09 21:07:50,PUT,201,1191,192.168.138.116
2025-12-10 01:28:06,DELETE,500,3417,192.168.26.110
2025-12-10 01:31:57,PUT,200,1794,192.168.211.151
2025-12-09 22:25:58,POST,401,4694,192.168.34.168
2025-12-09 15:52:51,PUT,401,717,192.168.70.242
2025-12-10 01:40:12,DELETE,404,2983,192.168.1.33
2025-12-10 09:52:12,POST,404,4984,192.168.69.202
2025-12-09 22:55:19,GET,500,2849,192.168.20.29
2025-12-09 20:35:56,GET,404,4923,192.168.9.34
2025-12-10 14:10:33,DELETE,400,2106,192.168.181.124
2025-12-09 23:50:28,GET,201,4732,192.168.91.168
2025-12-10 08:07:13,GET,401,1604,192.168.81.150
2025-12-10 07:52:05,POST,403,3395,192.168.225.140
2025-12-10 03:05:25,POST,200,4096,192.168.240.187
2025-12-09 21:44:15,GET,400,692,192.168.173.216
2025-12-10 04:12:40,DELETE,201,2460,192.168.27.204
2025-12-09 17:01:30,POST,401,4724,192.168.116.28
2025-12-10 14:17:46,GET,500,615,192.168.142.58
2025-12-10 00:38:22,GET,200,2202,192.168.127.19
2025-12-09 16:45:03,DELETE,201,3427,192.168.188.239
2025-12-10 00:38:08,POST,403,1778,192.168.234.229
2025-12-10 01:05:12,POST,400,3293,192.168.84.125
2025-12-10 12:13:17,GET,500,4543,192.168.204.166
2025-12-10 04:45:16,PUT,201,1136,192.168.237.110
2025-12-10 14:44:22,POST,401,3220,192.168.12.71
2025-12-10 13:39:30,DELETE,401,1888,192.168.72.73
2025-12-09 19:14:12,DELETE,404,1327,192.168.90.112
2025-12-09 15:44:45,POST,404,4600,192.168.16.116
2025-12-10 06:39:40,PUT,200,1503,192.168.79.57
2025-12-09 18:38:12,POST,200,1406,192.168.40.141
2025-12-09 18:26:59,GET,403,494,192.168.174.71
2025-12-10 10:43:34,PUT,403,2497,192.168.40.211
2025-12-10 03:29:51,PUT,200,1268,192.168.96.57
2025-12-10 07:09:48,PUT,401,3918,192.168.226.155
2025-12-09 16:45:05,PUT,201,3457,192.168.18.23
2025-12-10 12:02:06,PUT,201,1971,192.168.241.31
2025-12-10 01:42:40,DELETE,201,4877,192.168.86.132
2025-12-09 19:06:47,DELETE,500,4471,192.168.186.110
2025-12-09 22:44:06,GET,403,4738,192.168.146.132
2025-12-10 10:12:28,PUT,404,2633,192.168.215.138
2025-12-10 05:53:14,DELETE,500,765,192.168.203.233
2025-12-10 02:55:51,DELETE,403,3494,192.168.39.167
2025-12-10 02:28:15,DELETE,400,3263,192.168.237.26
2025-12-10 01:08:52,PUT,401,3699,192.168.19.153
2025-12-10 02:36:52,GET,500,2219,192.168.30.27
2025-12-09 23:18:01,DELETE,500,3234,192.168.121.152
2025-12-10 10:27:12,POST,404,1850,192.168.97.84
2025-12-10 05:12:25,GET,201,2180,192.168.47.52
2025-12-10 04:38:43,DELETE,500,3251,192.168.15.148
2025-12-10 02:09:21,DELETE,403,4915,192.168.32.239
2025-12-10 11:18:47,POST,401,3506,192.168.140.204
2025-12-10 01:31:50,GET,400,306,192.168.38.210
2025-12-09 18:28:08,GET,403,2973,192.168.137.203
2025-12-10 08:27:08,GET,201,1361,192.168.145.255
2025-12-10 13:55:28,GET,404,695,192.168.123.174
2025-12-10 13:28:44,DELETE,400,3406,192.168.216.33
2025-12-10 11:29:53,GET,404,2423,192.168.148.133
2025-12-09 19:06:10,DELETE,200,3702,192.168.106.57
2025-12-09 18:16:57,PUT,400,2198,192.168.114.20
2025-12-09 20:55:30,DELETE,404,4533,192.168.22.133
2025-12-10 05:21:21,DELETE,400,2265,192.168.60.207
2025-12-10 14:51:05,GET,401,4326,192.168.197.253
2025-12-09 19:53:45,GET,200,3141,192.168.142.120
2025-12-10 00:29:18,DELETE,403,3054,192.168.219.88
2025-12-09 21:03:00,POST,500,1034,192.168.227.216
2025-12-10 09:28:29,PUT,404,657,192.168.229.146
2025-12-10 07:24:12,DELETE,400,2599,192.168.186.53
2025-12-09 23:04:16,POST,200,2677,192.168.6.179
2025-12-10 04:30:55,GET,401,1279,192.168.243.186
2025-12-09 18:05:25,DELETE,400,3825,192.168.60.89
2025-12-10 14:03:31,DELETE,404,3720,192.168.83.241
2025-12-10 00:34:31,POST,500,341,192.168.71.124
2025-12-10 13:24:03,PUT,200,1230,192.168.13.237
2025-12-09 20:42:46,PUT,404,2826,192.168.206.136
2025-12-10 14:45:30,PUT,500,1429,192.168.98.78
2025-12-10 12:03:23,GET,403,3985,192.168.135.241
2025-12-09 19:51:59,POST,200,2804,192.168.45.64
2025-12-10 04:41:47,POST,201,2856,192.168.9.158
2025-12-09 19:41:42,GET,200,4385,192.168.68.227
2025-12-10 02:06:15,POST,200,3106,192.168.183.197
2025-12-10 09:26:58,POST,500,3669,192.168.82.238
2025-12-10 12:22:33,DELETE,400,4507,192.168.59.66
2025-12-09 23:54:33,POST,401,1114,192.168.250.223
2025-12-10 07:02:49,DELETE,200,4628,192.168.175.65
2025-12-09 17:13:36,POST,403,3826,192.168.92.124
2025-12-09 17:35:46,PUT,404,401,192.168.140.215
2025-12-10 06:09:35,POST,201,773,192.168.186.198
2025-12-10 04:14:27,GET,500,1484,192.168.151.23
2025-12-09 20:56:24,DELETE,201,4345,192.168.29.135
2025-12-10 03:39:24,DELETE,201,3547,192.168.64.197
2025-12-09 20:28:17,DELETE,404,4349,192.168.82.217
2025-12-09 22:26:09,DELETE,401,2554,192.168.96.197
2025-12-10 11:25:41,GET,200,1179,192.168.242.249
2025-12-09 22:52:28,PUT,500,2467,192.168.91.251
2025-12-10 14:50:44,PUT,201,4235,192.168.243.206
2025-12-10 03:50:14,GET,404,2525,192.168.218.100
2025-12-10 13:23:51,PUT,404,4380,192.168.135.191
2025-12-10 13:39:44,DELETE,404,1858,192.168.187.75
2025-12-10 10:07:03,DELETE,500,689,192.168.79.189
2025-12-10 06:21:07,POST,404,3797,192.168.107.142
2025-12-10 03:05:46,POST,404,2430,192.168.32.132
2025-12-10 07:41:32,POST,500,2030,192.168.41.108
2025-12-09 21:08:19,PUT,500,1255,192.168.106.212
2025-12-09 22:26:16,GET,400,2666,192.168.78.239
2025-12-10 12:12:31,DELETE,400,3709,192.168.187.202
2025-12-10 00:08:51,GET,404,1518,192.168.214.207
2025-12-10 09:41:50,PUT,400,2487,192.168.181.102
2025-12-10 02:20:11,GET,500,2232,192.168.60.242
2025-12-10 03:47:33,PUT,403,615,192.168.160.49
2025-12-09 15:37:50,POST,400,4399,192.168.230.253
2025-12-10 06:59:10,POST,201,4671,192.168.231.99
2025-12-09 18:41:16,POST,403,3817,192.168.154.255
2025-12-09 22:02:45,PUT,403,4307,192.168.206.88
2025-12-09 15:31:49,PUT,404,2943,192.168.214.154
2025-12-10 01:57:02,PUT,500,3402,192.168.206.37
2025-12-09 22:54:28,GET,500,1766,192.168.173.143
2025-12-10 10:49:54,POST,404,1731,192.168.115.40
2025-12-10 01:08:27,GET,500,2056,192.168.89.19
2025-12-09 19:02:20,GET,400,2489,192.168.229.24
2025-12-10 00:07:19,POST,400,2437,192.168.197.138
2025-12-10 10:05:15,DELETE,401,2528,192.168.102.1
2025-12-09 22:50:28,GET,500,899,192.168.43.241
2025-12-10 04:40:41,POST,400,4461,192.168.103.200
2025-12-10 12:03:45,DELETE,200,2747,192.168.83.128
2025-12-10 05:54:05,POST,400,533,192.168.177.227
2025-12-10 02:52:09,PUT,201,2138,192.168.7.94
2025-12-10 01:33:26,DELETE,401,3175,192.168.53.215
2025-12-10 07:41:52,GET,400,1236,192.168.117.194
2025-12-10 06:17:22,PUT,500,4908,192.168.253.150
2025-12-09 23:01:32,GET,400,2549,192.168.92.218
2025-12-09 22:32:38,POST,400,2402,192.168.173.111
2025-12-10 13:35:32,GET,200,2373,192.168.14.245
2025-12-09 20:05:15,DELETE,401,3992,192.168.18.9
2025-12-10 11:32:23,PUT,404,1666,192.168.244.99
2025-12-09 22:17:27,PUT,500,4807,192.168.237.107
2025-12-09 16:05:47,POST,403,1362,192.168.184.98
2025-12-09 15:28:21,POST,200,3930,192.168.76.183
2025-12-10 13:10:57,PUT,401,1029,192.168.114.157
2025-12-09 20:37:39,PUT,403,826,192.168.79.226
2025-12-10 08:35:18,DELETE,200,4110,192.168.51.205
2025-12-10 03:31:39,PUT,200,1108,192.168.74.119
2025-12-09 15:33:25,PUT,404,872,192.168.18.226
2025-12-09 17:11:02,PUT,200,1789,192.168.79.65
2025-12-10 00:54:02,PUT,400,3712,192.168.26.187
2025-12-10 07:37:24,DELETE,400,2084,192.168.105.195
2025-12-10 01:30:48,GET,201,3844,192.168.148.179
2025-12-10 08:57:15,DELETE,500,577,192.168.37.134
2025-12-09 19:28:55,DELETE,500,1815,192.168.190.140
2025-12-09 23:17:25,PUT,401,3135,192.168.216.222
2025-12-10 02:22:24,PUT,201,4610,192.168.88.117
2025-12-09 18:08:17,PUT,200,4965,192.168.149.79
2025-12-10 04:49:30,GET,201,1070,192.168.121.61
2025-12-09 17:22:24,POST,201,4157,192.168.104.75
2025-12-09 17:20:44,POST,500,3034,192.168.29.115
2025-12-09 22:38:42,DELETE,404,725,192.168.165.188
2025-12-10 05:46:10,POST,400,1243,192.168.28.119
2025-12-09 19:51:56,PUT,500,2271,192.168.152.14
2025-12-09 19:51:05,POST,404,2706,192.168.127.219
2025-12-10 14:24:37,PUT,500,886,192.168.255.100
2025-12-10 05:43:28,PUT,404,1670,192.168.26.85
2025-12-09 19:32:50,PUT,201,3750,192.168.231.3
2025-12-09 23:26:16,PUT,401,4546,192.168.246.110
2025-12-10 01:31:17,GET,201,1945,192.168.5.8
2025-12-10 06:57:23,DELETE,404,1142,192.168.70.178
2025-12-09 21:15:46,PUT,500,2799,192.168.224.186
2025-12-10 02:10:43,PUT,401,1945,192.168.104.133
2025-12-10 14:35:24,GET,403,4252,192.168.244.189
2025-12-09 15:14:05,GET,403,2216,192.168.158.172
2025-12-10 06:54:36,GET,404,1954,192.168.127.25
2025-12-09 23:52:32,DELETE,401,2881,192.168.97.108
2025-12-09 19:39:32,POST,200,3872,192.168.189.238
2025-12-09 18:11:27,POST,404,4440,192.168.6.138
2025-12-10 00:11:42,DELETE,401,882,192.168.91.35
2025-12-09 15:19:35,GET,401,4862,192.168.131.111
2025-12-09 23:43:40,POST,200,4420,192.168.205.16
2025-12-09 22:37:46,DELETE,404,1807,192.168.63.134
2025-12-10 06:32:01,POST,400,2609,192.168.57.163
2025-12-10 12:57:56,DELETE,201,3947,192.168.16.162
2025-12-10 14:12:04,GET,500,4040,192.168.57.205
2025-12-09 23:06:03,POST,500,597,192.168.30.172
2025-12-09 18:59:10,DELETE,200,2320,192.168.106.232
2025-12-10 09:53:12,POST,401,2633,192.168.144.101
2025-12-09 18:49:10,PUT,401,4046,192.168.39.118
2025-12-10 14:13:04,PUT,404,205,192.168.77.118
2025-12-09 15:35:23,POST,500,3797,192.168.179.114
2025-12-09 19:14:39,POST,401,2258,192.168.207.182
2025-12-09 20:37:14,GET,201,3824,192.168.252.141
2025-12-10 11:22:03,POST,404,2911,192.168.250.245
2025-12-09 20:59:17,GET,403,2591,192.168.129.1
2025-12-10 04:36:00,DELETE,404,1861,192.168.101.152
2025-12-09 20:44:10,DELETE,403,768,192.168.216.69
2025-12-10 06:09:40,PUT,400,3673,192.168.18.102
2025-12-10 14:12:49,POST,201,3376,192.168.12.131
2025-12-09 19:47:37,DELETE,403,3875,192.168.21.204
2025-12-10 00:16:35,DELETE,403,1917,192.168.20.87
2025-12-10 02:09:56,PUT,403,3375,192.168.30.112
2025-12-10 08:02:07,DELETE,200,1332,192.168.201.27
2025-12-10 09:45:56,DELETE,401,4724,192.168.44.111
2025-12-10 08:55:32,DELETE,400,4599,192.168.104.243
2025-12-09 21:23:08,GET,403,2921,192.168.224.133
2025-12-10 07:35:12,POST,403,3314,192.168.9.13
2025-12-10 01:45:23,PUT,201,3521,192.168.231.106
2025-12-10 00:05:52,DELETE,401,434,192.168.169.254
2025-12-10 10:16:49,GET,403,4901,192.168.4.36
2025-12-09 20:47:32,PUT,200,2375,192.168.73.72
2025-12-10 05:44:03,PUT,401,2093,192.168.202.166
2025-12-09 22:04:51,PUT,404,1796,192.168.161.121
2025-12-10 11:43:55,PUT,403,4803,192.168.147.175
2025-12-10 09:09:28,POST,500,2828,192.168.183.62
2025-12-10 07:51:07,POST,403,4311,192.168.60.202
2025-12-09 22:26:07,PUT,400,2710,192.168.226.124
2025-12-09 16:22:26,DELETE,401,3896,192.168.152.218
2025-12-09 23:24:26,DELETE,400,4088,192.168.92.225
2025-12-09 22:26:45,DELETE,401,1078,192.168.37.115
2025-12-09 22:51:48,POST,404,3320,192.168.240.233
2025-12-10 07:21:26,GET,400,932,192.168.158.108
2025-12-09 15:27:37,DELETE,401,716,192.168.25.163
2025-12-09 16:43:35,GET,200,2841,192.168.154.118
2025-12-09 15:53:16,POST,200,660,192.168.126.118
2025-12-09 17:49:27,PUT,500,592,192.168.237.218
2025-12-09 20:17:11,PUT,404,1191,192.168.222.62
2025-12-09 23:35:53,GET,400,2157,192.168.21.134
2025-12-10 05:34:08,DELETE,403,2499,192.168.62.14
2025-12-10 06:47:10,PUT,500,3147,192.168.122.120
2025-12-10 09:47:42,GET,404,3217,192.168.87.193
2025-12-10 07:53:03,PUT,500,3925,192.168.194.241
2025-12-10 09:51:15,DELETE,500,3981,192.168.65.226
2025-12-10 06:14:16,POST,401,706,192.168.207.64
2025-12-09 17:48:46,POST,201,4390,192.168.164.2
2025-12-09 19:13:11,POST,201,2804,192.168.198.81
2025-12-10 07:00:45,GET,500,116,192.168.77.152
2025-12-10 10:57:13,PUT,201,4266,192.168.32.13
2025-12-09 23:09:58,POST,401,2564,192.168.12.15
2025-12-10 08:16:24,GET,404,1827,192.168.37.149
2025-12-10 14:36:46,PUT,200,2504,192.168.124.237
2025-12-09 21:03:31,GET,400,4438,192.168.110.132
2025-12-09 19:37:28,DELETE,201,3483,192.168.134.9
2025-12-09 17:41:11,PUT,201,557,192.168.36.240
2025-12-10 05:24:16,DELETE,403,711,192.168.210.224
2025-12-10 09:55:34,GET,403,2715,192.168.188.240
2025-12-10 12:04:34,GET,201,272,192.168.139.224
2025-12-09 15:19:46,PUT,404,2457,192.168.64.85
2025-12-10 13:50:45,PUT,200,396,192.168.20.20
2025-12-10 13:50:10,GET,404,3672,192.168.62.110
2025-12-10 02:06:02,POST,500,1239,192.168.156.58
2025-12-09 19:55:24,PUT,403,4791,192.168.89.227
2025-12-09 16:35:18,POST,201,962,192.168.214.14
2025-12-09 17:41:03,POST,500,4848,192.168.29.132
2025-12-09 22:11:29,PUT,200,676,192.168.218.112
2025-12-10 06:19:13,POST,401,1164,192.168.174.203
2025-12-09 15:44:58,DELETE,403,1809,192.168.109.193
2025-12-10 02:51:06,PUT,400,3890,192.168.97.254
2025-12-09 15:06:37,DELETE,200,768,192.168.189.174
2025-12-09 23:06:49,PUT,201,2160,192.168.31.164
2025-12-10 09:32:22,GET,400,2692,192.168.147.131
2025-12-10 04:55:31,PUT,404,477,192.168.94.211
2025-12-10 11:18:29,POST,404,2449,192.168.173.103
2025-12-10 02:10:08,PUT,400,842,192.168.23.243
2025-12-10 11:04:46,PUT,404,2214,192.168.185.128
2025-12-09 20:45:16,DELETE,401,805,192.168.255.240
2025-12-09 15:55:33,PUT,500,1450,192.168.167.135
2025-12-10 01:10:41,DELETE,400,4731,192.168.23.233
2025-12-10 10:01:34,POST,400,4399,192.168.182.216
2025-12-10 09:24:42,GET,201,4615,192.168.200.111
2025-12-10 12:28:48,GET,201,1439,192.168.241.59
2025-12-10 10:22:46,DELETE,401,4065,192.168.17.97
2025-12-09 19:37:05,GET,401,4033,192.168.208.56
2025-12-09 23:11:31,PUT,400,1023,192.168.127.49
2025-12-10 05:12:09,GET,201,1074,192.168.98.146
2025-12-10 13:31:05,DELETE,201,258,192.168.223.143
2025-12-10 07:43:13,PUT,400,326,192.168.12.155
2025-12-10 12:14:36,GET,200,123,192.168.246.240
2025-12-10 06:46:40,DELETE,500,2456,192.168.35.249
2025-12-10 08:04:07,POST,500,4242,192.168.74.25
2025-12-09 23:40:42,GET,201,1358,192.168.137.164
2025-12-10 04:46:04,PUT,403,4422,192.168.80.246
2025-12-09 20:09:26,DELETE,404,3801,192.168.105.85
2025-12-10 04:12:12,PUT,400,4161,192.168.223.141
2025-12-10 10:19:54,POST,201,1248,192.168.228.228
2025-12-10 08:16:57,POST,201,4422,192.168.221.15
2025-12-10 04:20:35,DELETE,500,4883,192.168.147.23
2025-12-10 02:55:47,PUT,400,2649,192.168.255.76
2025-12-09 20:51:43,PUT,404,3542,192.168.224.174
2025-12-09 23:43:43,PUT,200,1538,192.168.99.64
2025-12-10 13:35:58,POST,500,3693,192.168.183.55
2025-12-10 07:24:26,POST,403,485,192.168.162.208
2025-12-10 13:04:50,GET,400,2115,192.168.17.28
2025-12-10 11:05:06,PUT,400,3772,192.168.255.203
2025-12-09 16:31:46,PUT,403,917,192.168.207.104
2025-12-10 04:21:10,POST,404,4147,192.168.52.102
2025-12-10 06:31:45,PUT,404,3113,192.168.250.166
2025-12-09 20:37:23,GET,201,558,192.168.32.150
2025-12-10 08:40:44,POST,500,4294,192.168.89.252
2025-12-09 22:22:03,POST,200,3281,192.168.144.7
2025-12-10 13:31:14,DELETE,200,3525,192.168.65.61
2025-12-09 19:29:48,PUT,400,4645,192.168.201.250
2025-12-10 00:16:25,POST,401,1989,192.168.208.103
2025-12-09 18:11:10,DELETE,201,775,192.168.179.168
2025-12-09 16:43:09,GET,200,351,192.168.55.117
2025-12-10 11:54:21,PUT,403,3791,192.168.26.82
2025-12-09 21:06:59,DELETE,401,869,192.168.240.248
2025-12-09 18:15:01,GET,500,128,192.168.196.231
2025-12-10 13:15:34,GET,200,4113,192.168.242.77
2025-12-09 20:58:47,POST,201,3471,192.168.237.141
2025-12-09 19:46:33,GET,200,4286,192.168.116.231
2025-12-10 08:17:01,GET,404,3904,192.168.17.143
2025-12-09 21:07:39,GET,401,4421,192.168.104.176
2025-12-09 19:19:02,DELETE,200,4125,192.168.35.12
2025-12-10 04:34:26,GET,201,4854,192.168.156.90
2025-12-10 13:44:50,PUT,500,1900,192.168.217.102
2025-12-09 21:12:31,PUT,403,1046,192.168.216.37
2025-12-09 21:39:04,POST,200,1203,192.168.68.163
2025-12-10 01:57:51,PUT,404,2065,192.168.55.21
2025-12-09 19:01:03,DELETE,403,1153,192.168.145.195
2025-12-09 22:53:53,POST,404,642,192.168.55.126
2025-12-10 01:39:54,GET,200,955,192.168.156.23
2025-12-09 20:32:16,DELETE,200,2694,192.168.152.209
2025-12-10 07:38:58,PUT,404,2103,192.168.81.166
2025-12-10 11:42:30,DELETE,404,2637,192.168.171.28
2025-12-10 13:12:39,GET,404,531,192.168.20.143
2025-12-10 14:58:16,GET,404,4029,192.168.66.166
2025-12-10 01:28:02,POST,404,1018,192.168.51.106
2025-12-09 16:09:54,GET,401,785,192.168.53.15
2025-12-09 15:09:52,PUT,401,2009,192.168.128.47
2025-12-10 02:58:28,POST,404,3117,192.168.104.126
2025-12-10 11:02:18,POST,200,3763,192.168.145.235
2025-12-10 06:48:35,DELETE,404,4162,192.168.92.238
2025-12-10 04:38:38,POST,403,555,192.168.1.35
2025-12-10 01:16:45,DELETE,401,768,192.168.232.50
2025-12-09 20:54:04,DELETE,500,1671,192.168.187.230
2025-12-09 20:04:32,POST,201,2204,192.168.41.1
2025-12-10 00:50:33,DELETE,201,2257,192.168.26.56
2025-12-10 14:56:39,GET,200,1468,192.168.35.144
2025-12-10 14:21:34,DELETE,500,3433,192.168.173.78
2025-12-10 02:07:00,PUT,401,1082,192.168.98.130
2025-12-10 00:35:31,POST,400,3870,192.168.170.70
2025-12-10 05:26:41,PUT,200,3010,192.168.41.233
2025-12-10 14:28:35,POST,200,676,192.168.109.221
2025-12-10 01:28:21,GET,500,2614,192.168.49.235
2025-12-10 14:21:29,POST,403,960,192.168.242.108
2025-12-10 04:45:17,PUT,201,4750,192.168.96.99
2025-12-09 18:06:50,POST,200,3784,192.168.219.19
2025-12-10 07:25:03,PUT,201,1348,192.168.204.125
2025-12-10 03:01:52,POST,500,3872,192.168.25.119
2025-12-10 03:23:26,GET,201,4932,192.168.131.42
2025-12-09 16:37:05,POST,500,697,192.168.142.56
2025-12-10 09:48:43,POST,401,4485,192.168.127.144
2025-12-10 12:02:19,PUT,401,2431,192.168.211.67
2025-12-09 23:56:27,GET,200,904,192.168.168.160
2025-12-10 11:07:31,PUT,400,3837,192.168.71.111
2025-12-10 08:27:41,GET,404,2931,192.168.112.153
2025-12-09 17:49:23,POST,400,1043,192.168.5.197
2025-12-10 12:18:16,GET,200,3334,192.168.59.63
2025-12-09 19:53:31,GET,403,541,192.168.245.158
2025-12-09 21:24:34,PUT,200,3704,192.168.106.132
2025-12-10 08:26:06,POST,500,262,192.168.10.4
2025-12-10 06:28:16,PUT,200,2929,192.168.17.46
2025-12-10 06:16:27,DELETE,401,3378,192.168.251.129
2025-12-09 20:52:57,GET,500,2786,192.168.161.77
2025-12-09 22:53:31,GET,500,3368,192.168.106.225
2025-12-09 21:56:39,GET,400,4005,192.168.81.86
2025-12-09 20:24:53,DELETE,404,315,192.168.180.99
2025-12-09 19:11:59,DELETE,400,3382,192.168.214.139
2025-12-10 08:53:08,DELETE,201,1397,192.168.124.59
2025-12-10 06:25:34,GET,201,4222,192.168.189.196
2025-12-10 03:58:08,PUT,201,3201,192.168.163.103
2025-12-10 14:32:40,PUT,403,714,192.168.182.39
2025-12-09 23:32:03,DELETE,500,2728,192.168.92.97
2025-12-09 19:01:50,GET,401,2420,192.168.43.220
2025-12-10 01:33:30,POST,403,489,192.168.153.225
2025-12-10 01:01:42,DELETE,200,2983,192.168.62.159
2025-12-10 11:43:12,DELETE,500,3987,192.168.221.137
2025-12-09 21:07:12,GET,403,3295,192.168.147.65
2025-12-10 05:17:58,DELETE,400,133,192.168.249.45
2025-12-09 17:53:19,PUT,201,3910,192.168.162.75
2025-12-10 06:27:56,PUT,200,3671,192.168.221.232
2025-12-10 12:25:30,PUT,404,3218,192.168.38.90
2025-12-10 13:24:47,DELETE,404,1761,192.168.21.252
2025-12-10 05:38:10,POST,201,2874,192.168.68.243
2025-12-10 11:34:33,DELETE,200,683,192.168.146.75
2025-12-10 04:15:49,DELETE,404,2951,192.168.26.34
2025-12-09 21:50:32,POST,201,3897,192.168.227.91
2025-12-09 18:37:49,GET,404,2777,192.168.157.153
2025-12-10 07:16:06,GET,500,154,192.168.128.123
2025-12-10 05:50:32,DELETE,200,2936,192.168.76.124
2025-12-10 06:27:39,PUT,400,1716,192.168.148.64
2025-12-10 08:57:37,PUT,200,2825,192.168.58.63
2025-12-10 05:05:46,GET,500,4450,192.168.112.47
2025-12-10 04:24:45,GET,403,2649,192.168.100.127
2025-12-10 13:34:58,GET,404,4120,192.168.115.152
2025-12-10 04:15:09,POST,401,322,192.168.205.243
2025-12-09 17:05:30,GET,500,1473,192.168.112.199
2025-12-10 12:44:45,DELETE,404,1159,192.168.145.53
2025-12-10 10:16:41,POST,200,3632,192.168.65.130
2025-12-09 17:09:56,PUT,404,3598,192.168.185.46
2025-12-10 07:27:33,PUT,201,2825,192.168.117.217
2025-12-09 15:14:06,GET,400,4423,192.168.143.156
2025-12-10 07:18:44,GET,500,2434,192.168.181.82
2025-12-10 00:55:57,PUT,201,3980,192.168.12.78
2025-12-10 04:08:55,DELETE,201,4393,192.168.251.188
2025-12-10 01:48:12,DELETE,201,3812,192.168.14.25
2025-12-09 21:04:07,POST,201,4610,192.168.115.209
2025-12-10 13:09:15,DELETE,403,587,192.168.9.10
2025-12-10 03:16:23,DELETE,500,1539,192.168.141.70
2025-12-10 14:46:18,PUT,500,4256,192.168.48.41
2025-12-09 22:35:18,DELETE,200,3559,192.168.44.17
2025-12-09 15:25:43,GET,404,2397,192.168.12.48
2025-12-10 13:26:11,POST,401,4379,192.168.55.58
2025-12-09 19:58:42,DELETE,404,3414,192.168.184.133
2025-12-09 19:28:50,PUT,401,3257,192.168.149.73
2025-12-10 01:26:00,GET,200,3553,192.168.226.137
2025-12-10 12:49:01,POST,200,1447,192.168.2.170
2025-12-10 03:28:52,POST,401,1633,192.168.184.41
2025-12-09 23:58:45,DELETE,401,4731,192.168.176.75
2025-12-10 08:13:32,GET,200,3422,192.168.113.214
2025-12-10 10:05:20,PUT,201,3027,192.168.227.218
2025-12-10 14:15:15,POST,200,3745,192.168.75.180
2025-12-10 08:57:20,PUT,500,1287,192.168.18.21
2025-12-09 21:18:17,POST,200,4286,192.168.42.228
2025-12-10 09:38:24,GET,200,4248,192.168.134.187
2025-12-10 02:04:38,PUT,403,2267,192.168.135.192
2025-12-10 10:43:19,PUT,403,1106,192.168.148.31
2025-12-10 01:53:44,PUT,404,666,192.168.68.187
2025-12-09 22:40:05,GET,200,146,192.168.235.109
2025-12-09 17:55:00,DELETE,500,3775,192.168.2.67
2025-12-10 10:26:12,POST,201,4507,192.168.147.243
2025-12-10 07:43:52,POST,200,1613,192.168.234.106
2025-12-09 17:12:31,POST,201,4915,192.168.135.148
2025-12-09 23:49:11,DELETE,400,2999,192.168.23.97
2025-12-09 20:27:52,PUT,403,3884,192.168.42.201
2025-12-10 11:24:57,GET,403,4172,192.168.227.199
2025-12-10 01:07:23,GET,201,4943,192.168.128.12
2025-12-09 21:55:55,PUT,500,1880,192.168.166.50
2025-12-10 10:29:52,POST,500,1759,192.168.240.244
2025-12-10 05:14:44,POST,200,562,192.168.89.19
2025-12-09 23:32:19,POST,401,2123,192.168.116.219
2025-12-10 13:43:25,PUT,200,1828,192.168.169.91
2025-12-09 18:45:21,GET,404,2949,192.168.168.213
2025-12-09 17:05:13,POST,403,4905,192.168.131.16
2025-12-10 11:32:54,DELETE,404,3509,192.168.87.118
2025-12-10 11:14:26,GET,200,1270,192.168.252.247
2025-12-09 17:15:02,POST,403,606,192.168.240.136
2025-12-10 02:38:38,GET,403,2592,192.168.64.230
2025-12-10 04:29:26,GET,500,4325,192.168.57.129
2025-12-09 15:32:15,DELETE,404,4685,192.168.75.68
2025-12-09 18:27:18,GET,401,2989,192.168.81.138
2025-12-10 02:16:15,PUT,201,286,192.168.147.157
2025-12-10 08:47:46,GET,404,351,192.168.170.255
2025-12-10 04:28:54,DELETE,201,310,192.168.20.240
2025-12-10 08:02:24,POST,403,383,192.168.149.40
2025-12-10 02:46:02,PUT,404,4160,192.168.234.32
2025-12-09 21:59:38,GET,500,663,192.168.199.156
2025-12-09 20:25:34,PUT,200,4605,192.168.236.214
2025-12-09 19:54:14,GET,201,1763,192.168.64.21
2025-12-09 22:33:59,POST,401,4626,192.168.175.74
2025-12-10 07:44:56,PUT,500,4025,192.168.8.237
2025-12-10 08:01:03,DELETE,500,2933,192.168.21.39
2025-12-09 23:26:16,POST,403,2798,192.168.187.241
2025-12-10 02:52:44,PUT,403,1188,192.168.126.195
2025-12-09 16:48:07,POST,404,4842,192.168.247.192
2025-12-09 23:23:03,GET,403,274,192.168.249.78
2025-12-10 13:23:57,PUT,404,2056,192.168.156.226
2025-12-10 12:28:06,PUT,400,3311,192.168.223.133
2025-12-10 09:45:15,GET,403,1136,192.168.67.137
2025-12-10 13:04:29,DELETE,400,2613,192.168.130.42
2025-12-10 13:43:33,GET,400,4530,192.168.231.212
2025-12-10 10:14:47,GET,400,4395,192.168.62.219
2025-12-10 11:12:53,DELETE,403,2135,192.168.189.120
2025-12-10 00:59:01,DELETE,201,2250,192.168.122.3
2025-12-10 10:45:57,DELETE,201,1926,192.168.239.167
2025-12-09 21:35:17,DELETE,201,250,192.168.250.186
2025-12-09 21:21:14,DELETE,200,4101,192.168.199.115
2025-12-10 09:58:15,POST,401,518,192.168.248.191
2025-12-10 13:32:39,POST,500,1547,192.168.91.62
2025-12-10 06:03:07,GET,200,2667,192.168.148.196
2025-12-09 17:13:55,PUT,403,1348,192.168.26.112
2025-12-09 15:56:43,POST,404,2123,192.168.9.142
2025-12-10 15:00:06,GET,401,4746,192.168.114.35
2025-12-10 05:43:26,DELETE,404,2863,192.168.79.122
2025-12-09 18:42:39,POST,200,1546,192.168.57.254
2025-12-09 21:40:09,DELETE,404,4980,192.168.41.216
2025-12-09 23:47:14,PUT,404,850,192.168.51.244
2025-12-10 14:55:59,GET,400,858,192.168.181.70
2025-12-10 08:15:59,POST,200,3024,192.168.1.64
2025-12-09 18:37:08,GET,403,4407,192.168.134.239
2025-12-10 04:41:29,GET,401,3918,192.168.237.185
2025-12-09 20:01:59,PUT,500,1381,192.168.146.110
2025-12-09 20:45:06,POST,200,549,192.168.84.215
2025-12-10 12:55:13,GET,400,2398,192.168.172.112
2025-12-10 07:07:29,PUT,400,3692,192.168.162.44
2025-12-09 21:37:05,POST,500,4843,192.168.168.36
2025-12-09 16:24:42,DELETE,404,671,192.168.34.212
2025-12-10 13:41:45,POST,401,1511,192.168.93.59
2025-12-10 10:45:07,POST,500,3326,192.168.110.72
2025-12-10 03:42:40,PUT,404,4324,192.168.109.80
2025-12-09 23:59:41,DELETE,404,2851,192.168.251.115
2025-12-10 13:22:51,DELETE,200,690,192.168.201.135
2025-12-09 19:28:06,POST,500,694,192.168.192.211
2025-12-09 20:54:35,GET,500,1418,192.168.168.227
2025-12-10 08:41:32,PUT,400,3905,192.168.142.16
2025-12-10 01:10:02,GET,400,516,192.168.142.167
2025-12-10 12:26:14,PUT,500,1242,192.168.220.242
2025-12-10 03:06:02,PUT,500,1304,192.168.73.63
2025-12-10 04:46:52,POST,400,692,192.168.27.18
2025-12-09 18:20:19,DELETE,404,1547,192.168.221.237
2025-12-10 10:12:27,POST,400,4570,192.168.58.209
2025-12-10 07:12:02,POST,400,4164,192.168.185.219
2025-12-10 10:16:37,PUT,201,367,192.168.218.237
2025-12-09 16:53:05,PUT,403,1556,192.168.80.12
2025-12-09 15:15:04,DELETE,201,1464,192.168.136.60
2025-12-09 20:37:18,DELETE,400,2925,192.168.169.154
2025-12-09 17:58:32,DELETE,201,2417,192.168.117.161
2025-12-10 05:47:52,PUT,400,4579,192.168.84.67
2025-12-09 20:21:42,DELETE,200,4300,192.168.50.70
2025-12-10 11:13:10,GET,200,3488,192.168.14.178
2025-12-10 03:30:04,DELETE,201,446,192.168.27.53
2025-12-10 14:16:06,PUT,403,2938,192.168.170.209
2025-12-09 18:26:07,PUT,404,4893,192.168.182.29
2025-12-10 02:37:36,DELETE,200,319,192.168.23.198
2025-12-09 19:33:59,POST,200,2620,192.168.111.117
2025-12-10 04:59:16,GET,401,2122,192.168.194.170
2025-12-10 00:01:36,POST,400,3021,192.168.95.224
